data,class
0,8
1,6
2,9
3,8
4,5
5,9
6,9
7,7
8,6
9,0
10,2
11,7
12,4
13,0
14,1
15,8
16,6
17,8
18,5
19,5
20,1
21,8
22,6
23,7
24,1
25,7
26,1
27,9
28,8
29,7
30,0
31,3
32,3
33,3
34,0
35,8
36,2
37,6
38,0
39,3
40,4
41,3
42,9
43,7
44,6
45,6
46,8
47,3
48,8
49,9
50,2
51,0
52,1
53,8
54,6
55,2
56,0
57,5
58,9
59,2
60,5
61,3
62,8
63,7
64,1
65,2
66,6
67,4
68,4
69,2
70,4
71,0
72,3
73,6
74,5
75,9
76,3
77,7
78,9
79,4
80,7
81,0
82,4
83,6
84,6
85,1
86,8
87,2
88,1
89,1
90,7
91,2
92,5
93,7
94,3
95,1
96,6
97,5
98,2
99,6
100,0
101,2
102,7
103,3
104,7
105,5
106,7
107,9
108,3
109,2
110,7
111,2
112,2
113,2
114,1
115,0
116,8
117,6
118,8
119,7
120,7
121,9
122,2
123,9
124,9
125,9
126,7
127,3
128,1
129,4
130,7
131,7
132,7
133,9
134,7
135,3
136,0
137,0
138,2
139,6
140,9
141,1
142,6
143,1
144,2
145,7
146,6
147,9
148,7
149,4
150,5
151,5
152,7
153,1
154,4
155,4
156,7
157,5
158,4
159,7
160,4
161,2
162,3
163,3
164,2
165,4
166,0
167,4
168,5
169,3
170,8
171,5
172,3
173,0
174,5
175,3
176,1
177,2
178,1
179,4
180,8
181,3
182,5
183,5
184,1
185,9
186,4
187,1
188,2
189,2
190,0
191,5
192,2
193,6
194,1
195,5
196,3
197,3
198,1
199,3
200,0
201,3
202,6
203,7
204,3
205,3
206,1
207,6
208,7
209,9
210,0
211,7
212,8
213,6
214,6
215,2
216,1
217,6
218,6
219,5
220,5
221,6
222,4
223,2
224,6
225,7
226,0
227,8
228,3
229,7
230,6
231,6
232,8
233,6
234,2
235,0
236,6
237,6
238,5
239,2
240,9
241,0
242,1
243,4
244,2
245,5
246,3
247,0
248,3
249,7
250,5
251,1
252,4
253,1
254,4
255,3
256,0
257,7
258,5
259,2
260,0
261,2
262,8
263,6
264,5
265,5
266,9
267,0
268,9
269,0
270,4
271,1
272,2
273,8
274,3
275,9
276,7
277,4
278,5
279,1
280,9
281,9
282,2
283,7
284,8
285,0
286,1
287,3
288,0
289,8
290,4
291,0
292,5
293,4
294,2
295,2
296,8
297,7
298,8
299,3
300,8
301,0
302,7
303,9
304,5
305,1
306,1
307,9
308,2
309,9
310,8
311,9
312,6
313,2
314,5
315,9
316,7
317,3
318,5
319,0
320,2
321,7
322,5
323,2
324,1
325,9
326,0
327,5
328,6
329,2
330,0
331,4
332,2
333,7
334,2
335,2
336,7
337,3
338,6
339,3
340,0
341,4
342,9
343,0
344,6
345,5
346,0
347,7
348,2
349,6
350,1
351,9
352,6
353,1
354,8
355,4
356,2
357,9
358,5
359,9
360,1
361,8
362,5
363,3
364,7
365,1
366,2
367,9
368,4
369,2
370,9
371,6
372,3
373,8
374,1
375,2
376,0
377,1
378,6
379,9
380,0
381,0
382,9
383,0
384,5
385,9
386,3
387,3
388,6
389,2
390,0
391,3
392,4
393,9
394,1
395,5
396,6
397,0
398,2
399,2
400,6
401,8
402,9
403,6
404,6
405,2
406,4
407,1
408,6
409,2
410,9
411,1
412,9
413,3
414,6
415,3
416,2
417,7
418,7
419,6
420,1
421,8
422,8
423,6
424,1
425,5
426,1
427,2
428,1
429,8
430,3
431,5
432,2
433,5
434,8
435,9
436,1
437,8
438,2
439,0
440,4
441,9
442,1
443,9
444,3
445,6
446,2
447,3
448,2
449,2
450,0
451,1
452,8
453,2
454,0
455,2
456,5
457,7
458,7
459,1
460,3
461,7
462,4
463,8
464,1
465,5
466,1
467,6
468,2
469,4
470,3
471,5
472,1
473,3
474,7
475,0
476,1
477,9
478,6
479,1
480,6
481,6
482,1
483,1
484,3
485,5
486,1
487,7
488,5
489,9
490,2
491,8
492,5
493,4
494,1
495,8
496,8
497,1
498,7
499,0
500,9
501,9
502,5
503,8
504,1
505,4
506,9
507,5
508,9
509,2
510,6
511,8
512,7
513,1
514,7
515,6
516,9
517,3
518,4
519,7
520,0
521,1
522,7
523,5
524,7
525,7
526,6
527,8
528,1
529,2
530,2
531,4
532,5
533,9
534,7
535,5
536,0
537,0
538,7
539,9
540,0
541,8
542,3
543,7
544,9
545,4
546,1
547,5
548,2
549,1
550,0
551,7
552,7
553,4
554,9
555,9
556,3
557,8
558,3
559,5
560,1
561,6
562,6
563,9
564,1
565,6
566,8
567,2
568,5
569,3
570,4
571,5
572,0
573,5
574,9
575,4
576,9
577,0
578,6
579,2
580,2
581,9
582,0
583,1
584,5
585,2
586,7
587,3
588,0
589,3
590,3
591,9
592,9
593,8
594,1
595,5
596,7
597,5
598,4
599,9
600,1
601,9
602,4
603,0
604,4
605,2
606,4
607,2
608,0
609,7
610,1
611,5
612,3
613,4
614,8
615,9
616,9
617,1
618,7
619,1
620,5
621,1
622,3
623,0
624,1
625,5
626,8
627,7
628,3
629,9
630,0
631,7
632,5
633,3
634,4
635,4
636,4
637,7
638,0
639,6
640,1
641,0
642,0
643,3
644,1
645,1
646,2
647,7
648,1
649,2
650,4
651,7
652,8
653,2
654,7
655,6
656,6
657,4
658,6
659,5
660,4
661,0
662,7
663,1
664,3
665,0
666,1
667,8
668,7
669,8
670,4
671,0
672,5
673,8
674,7
675,3
676,1
677,1
678,8
679,1
680,1
681,9
682,5
683,8
684,7
685,9
686,2
687,6
688,1
689,5
690,8
691,2
692,3
693,3
694,5
695,3
696,6
697,4
698,4
699,5
700,4
701,5
702,2
703,9
704,6
705,2
706,4
707,3
708,8
709,8
710,1
711,7
712,5
713,2
714,0
715,7
716,5
717,6
718,9
719,1
720,4
721,6
722,5
723,6
724,5
725,9
726,1
727,2
728,1
729,9
730,3
731,3
732,8
733,5
734,0
735,3
736,9
737,8
738,2
739,3
740,9
741,9
742,8
743,4
744,4
745,2
746,3
747,0
748,5
749,0
750,6
751,2
752,3
753,3
754,4
755,1
756,4
757,5
758,5
759,7
760,9
761,4
762,5
763,3
764,7
765,9
766,6
767,0
768,7
769,3
770,0
771,2
772,1
773,8
774,9
775,9
776,9
777,7
778,5
779,3
780,2
781,1
782,2
783,1
784,5
785,2
786,2
787,5
788,1
789,9
790,3
791,9
792,5
793,6
794,6
795,1
796,0
797,1
798,0
799,1
800,2
801,1
802,6
803,4
804,9
805,7
806,3
807,6
808,5
809,1
810,0
811,0
812,6
813,5
814,6
815,8
816,3
817,5
818,2
819,3
820,0
821,5
822,0
823,4
824,9
825,4
826,6
827,5
828,6
829,5
830,8
831,7
832,1
833,7
834,1
835,2
836,6
837,0
838,8
839,1
840,9
841,0
842,0
843,1
844,8
845,6
846,6
847,8
848,3
849,4
850,0
851,8
852,0
853,0
854,1
855,8
856,6
857,1
858,6
859,5
860,1
861,3
862,6
863,8
864,7
865,3
866,6
867,6
868,2
869,5
870,4
871,3
872,8
873,5
874,4
875,5
876,9
877,2
878,9
879,0
880,5
881,5
882,9
883,8
884,6
885,0
886,2
887,2
888,6
889,8
890,3
891,5
892,9
893,3
894,2
895,7
896,8
897,4
898,4
899,9
900,4
901,4
902,7
903,8
904,7
905,0
906,1
907,8
908,9
909,0
910,4
911,0
912,3
913,1
914,2
915,5
916,6
917,0
918,3
919,5
920,4
921,3
922,5
923,5
924,4
925,3
926,5
927,8
928,0
929,5
930,7
931,1
932,2
933,1
934,2
935,0
936,1
937,2
938,0
939,5
940,2
941,8
942,2
943,0
944,2
945,6
946,6
947,7
948,7
949,6
950,1
951,5
952,2
953,6
954,2
955,4
956,0
957,3
958,3
959,1
960,4
961,6
962,4
963,2
964,4
965,3
966,0
967,2
968,7
969,1
970,3
971,1
972,2
973,7
974,0
975,7
976,8
977,5
978,8
979,1
980,0
981,3
982,5
983,2
984,3
985,6
986,4
987,1
988,7
989,8
990,6
991,2
992,8
993,6
994,6
995,0
996,8
997,9
998,1
999,3
1000,0
1001,5
1002,3
1003,2
1004,1
1005,3
1006,7
1007,3
1008,9
1009,1
1010,8
1011,9
1012,3
1013,9
1014,5
1015,3
1016,6
1017,4
1018,6
1019,8
1020,9
1021,5
1022,2
1023,8
1024,2
1025,7
1026,4
1027,8
1028,7
1029,4
1030,3
1031,9
1032,7
1033,9
1034,4
1035,3
1036,9
1037,0
1038,0
1039,6
1040,5
1041,6
1042,4
1043,2
1044,2
1045,8
1046,0
1047,8
1048,2
1049,9
1050,1
1051,6
1052,7
1053,1
1054,4
1055,3
1056,6
1057,2
1058,5
1059,8
1060,2
1061,9
1062,5
1063,4
1064,5
1065,9
1066,5
1067,3
1068,3
1069,9
1070,8
1071,6
1072,6
1073,3
1074,5
1075,8
1076,6
1077,4
1078,5
1079,3
1080,7
1081,5
1082,3
1083,8
1084,0
1085,7
1086,2
1087,6
1088,9
1089,7
1090,1
1091,4
1092,9
1093,4
1094,7
1095,7
1096,7
1097,8
1098,2
1099,6
1100,0
1101,8
1102,9
1103,6
1104,9
1105,8
1106,8
1107,8
1108,3
1109,5
1110,1
1111,1
1112,1
1113,5
1114,5
1115,5
1116,0
1117,5
1118,2
1119,6
1120,7
1121,8
1122,1
1123,4
1124,6
1125,0
1126,8
1127,1
1128,3
1129,7
1130,1
1131,0
1132,7
1133,6
1134,3
1135,4
1136,3
1137,6
1138,0
1139,0
1140,4
1141,7
1142,2
1143,8
1144,0
1145,2
1146,5
1147,1
1148,1
1149,0
1150,5
1151,2
1152,1
1153,1
1154,2
1155,9
1156,0
1157,4
1158,4
1159,1
1160,8
1161,0
1162,8
1163,6
1164,3
1165,1
1166,6
1167,0
1168,9
1169,3
1170,1
1171,7
1172,1
1173,9
1174,7
1175,2
1176,7
1177,2
1178,0
1179,3
1180,6
1181,6
1182,1
1183,6
1184,7
1185,2
1186,8
1187,2
1188,8
1189,5
1190,0
1191,1
1192,6
1193,6
1194,6
1195,2
1196,5
1197,9
1198,4
1199,1
1200,4
1201,7
1202,2
1203,2
1204,4
1205,0
1206,5
1207,6
1208,8
1209,2
1210,7
1211,5
1212,6
1213,7
1214,9
1215,4
1216,2
1217,6
1218,3
1219,4
1220,8
1221,3
1222,4
1223,1
1224,0
1225,7
1226,6
1227,9
1228,9
1229,9
1230,5
1231,3
1232,4
1233,9
1234,3
1235,0
1236,4
1237,5
1238,5
1239,1
1240,1
1241,5
1242,8
1243,1
1244,7
1245,9
1246,7
1247,3
1248,7
1249,3
1250,9
1251,6
1252,5
1253,6
1254,3
1255,5
1256,4
1257,0
1258,1
1259,0
1260,1
1261,7
1262,1
1263,0
1264,5
1265,8
1266,6
1267,8
1268,8
1269,3
1270,3
1271,6
1272,8
1273,6
1274,1
1275,3
1276,4
1277,8
1278,8
1279,8
1280,8
1281,5
1282,4
1283,4
1284,3
1285,0
1286,0
1287,5
1288,6
1289,6
1290,5
1291,7
1292,2
1293,4
1294,2
1295,2
1296,0
1297,7
1298,7
1299,8
1300,1
1301,8
1302,8
1303,5
1304,5
1305,6
1306,2
1307,4
1308,0
1309,5
1310,8
1311,3
1312,1
1313,5
1314,6
1315,2
1316,9
1317,1
1318,7
1319,5
1320,5
1321,1
1322,1
1323,4
1324,2
1325,4
1326,7
1327,8
1328,6
1329,6
1330,3
1331,6
1332,0
1333,8
1334,1
1335,0
1336,9
1337,1
1338,3
1339,6
1340,1
1341,6
1342,8
1343,9
1344,2
1345,7
1346,9
1347,0
1348,1
1349,8
1350,8
1351,3
1352,3
1353,9
1354,3
1355,7
1356,8
1357,7
1358,2
1359,5
1360,0
1361,7
1362,7
1363,4
1364,2
1365,4
1366,2
1367,9
1368,0
1369,5
1370,6
1371,2
1372,3
1373,1
1374,1
1375,3
1376,9
1377,2
1378,3
1379,4
1380,3
1381,2
1382,7
1383,6
1384,0
1385,4
1386,7
1387,6
1388,2
1389,4
1390,1
1391,9
1392,2
1393,3
1394,4
1395,1
1396,1
1397,7
1398,8
1399,4
1400,0
1401,3
1402,3
1403,4
1404,1
1405,1
1406,4
1407,3
1408,4
1409,9
1410,7
1411,4
1412,3
1413,0
1414,9
1415,9
1416,8
1417,0
1418,4
1419,6
1420,7
1421,7
1422,9
1423,6
1424,7
1425,8
1426,3
1427,4
1428,9
1429,3
1430,1
1431,0
1432,7
1433,9
1434,2
1435,5
1436,8
1437,8
1438,6
1439,5
1440,9
1441,5
1442,2
1443,6
1444,3
1445,6
1446,7
1447,9
1448,0
1449,0
1450,7
1451,5
1452,5
1453,5
1454,2
1455,3
1456,7
1457,0
1458,9
1459,1
1460,1
1461,4
1462,3
1463,8
1464,8
1465,9
1466,6
1467,5
1468,9
1469,3
1470,5
1471,1
1472,6
1473,7
1474,3
1475,3
1476,8
1477,0
1478,1
1479,3
1480,7
1481,8
1482,5
1483,3
1484,3
1485,0
1486,9
1487,8
1488,1
1489,0
1490,7
1491,7
1492,3
1493,5
1494,8
1495,6
1496,4
1497,8
1498,8
1499,3
1500,7
1501,5
1502,8
1503,1
1504,9
1505,1
1506,5
1507,2
1508,6
1509,8
1510,1
1511,5
1512,6
1513,2
1514,5
1515,0
1516,8
1517,1
1518,1
1519,3
1520,2
1521,1
1522,0
1523,4
1524,8
1525,0
1526,8
1527,3
1528,5
1529,3
1530,5
1531,9
1532,4
1533,9
1534,5
1535,0
1536,2
1537,4
1538,3
1539,3
1540,4
1541,5
1542,3
1543,9
1544,3
1545,1
1546,5
1547,3
1548,3
1549,5
1550,5
1551,4
1552,4
1553,8
1554,8
1555,7
1556,2
1557,0
1558,4
1559,1
1560,5
1561,7
1562,0
1563,1
1564,6
1565,4
1566,2
1567,2
1568,2
1569,4
1570,9
1571,1
1572,1
1573,4
1574,1
1575,0
1576,5
1577,0
1578,1
1579,7
1580,9
1581,3
1582,9
1583,8
1584,4
1585,3
1586,4
1587,4
1588,9
1589,0
1590,5
1591,8
1592,6
1593,0
1594,0
1595,1
1596,5
1597,7
1598,3
1599,1
1600,3
1601,2
1602,0
1603,4
1604,6
1605,7
1606,1
1607,4
1608,9
1609,4
1610,8
1611,4
1612,9
1613,3
1614,6
1615,3
1616,0
1617,1
1618,0
1619,7
1620,4
1621,6
1622,1
1623,4
1624,8
1625,9
1626,1
1627,4
1628,1
1629,1
1630,4
1631,4
1632,7
1633,6
1634,7
1635,7
1636,4
1637,0
1638,9
1639,3
1640,5
1641,1
1642,0
1643,1
1644,4
1645,4
1646,1
1647,1
1648,4
1649,1
1650,8
1651,5
1652,0
1653,8
1654,7
1655,1
1656,3
1657,2
1658,8
1659,9
1660,1
1661,9
1662,0
1663,9
1664,1
1665,3
1666,6
1667,2
1668,3
1669,8
1670,3
1671,3
1672,6
1673,0
1674,6
1675,9
1676,5
1677,4
1678,1
1679,0
1680,1
1681,1
1682,1
1683,4
1684,8
1685,6
1686,4
1687,6
1688,4
1689,0
1690,5
1691,8
1692,3
1693,0
1694,2
1695,7
1696,3
1697,3
1698,9
1699,7
1700,9
1701,5
1702,2
1703,9
1704,3
1705,6
1706,3
1707,2
1708,2
1709,1
1710,9
1711,9
1712,7
1713,1
1714,4
1715,5
1716,2
1717,4
1718,7
1719,6
1720,1
1721,8
1722,9
1723,0
1724,7
1725,6
1726,4
1727,6
1728,5
1729,2
1730,4
1731,3
1732,5
1733,8
1734,6
1735,0
1736,4
1737,5
1738,1
1739,4
1740,1
1741,1
1742,6
1743,2
1744,2
1745,0
1746,1
1747,8
1748,1
1749,1
1750,2
1751,7
1752,3
1753,9
1754,2
1755,2
1756,8
1757,1
1758,9
1759,3
1760,1
1761,4
1762,7
1763,3
1764,4
1765,8
1766,4
1767,2
1768,7
1769,6
1770,6
1771,6
1772,6
1773,7
1774,3
1775,8
1776,3
1777,3
1778,0
1779,6
1780,0
1781,6
1782,7
1783,3
1784,4
1785,6
1786,3
1787,0
1788,9
1789,6
1790,1
1791,7
1792,4
1793,4
1794,3
1795,9
1796,7
1797,2
1798,7
1799,0
1800,1
1801,5
1802,4
1803,3
1804,9
1805,3
1806,4
1807,1
1808,0
1809,4
1810,8
1811,8
1812,6
1813,9
1814,8
1815,5
1816,6
1817,7
1818,5
1819,5
1820,1
1821,7
1822,8
1823,9
1824,6
1825,4
1826,5
1827,8
1828,6
1829,0
1830,2
1831,7
1832,7
1833,9
1834,7
1835,9
1836,4
1837,4
1838,5
1839,7
1840,6
1841,3
1842,6
1843,1
1844,5
1845,2
1846,7
1847,2
1848,9
1849,0
1850,9
1851,2
1852,8
1853,9
1854,1
1855,9
1856,6
1857,8
1858,7
1859,9
1860,1
1861,0
1862,3
1863,5
1864,9
1865,9
1866,3
1867,8
1868,3
1869,6
1870,4
1871,7
1872,4
1873,3
1874,9
1875,1
1876,3
1877,3
1878,0
1879,6
1880,2
1881,9
1882,1
1883,4
1884,9
1885,7
1886,9
1887,4
1888,0
1889,2
1890,3
1891,2
1892,6
1893,5
1894,2
1895,2
1896,5
1897,7
1898,4
1899,7
1900,7
1901,3
1902,0
1903,5
1904,3
1905,0
1906,1
1907,4
1908,7
1909,7
1910,6
1911,8
1912,0
1913,0
1914,0
1915,9
1916,3
1917,8
1918,4
1919,7
1920,2
1921,5
1922,3
1923,2
1924,2
1925,2
1926,1
1927,3
1928,0
1929,8
1930,0
1931,6
1932,4
1933,2
1934,4
1935,6
1936,6
1937,2
1938,1
1939,7
1940,9
1941,5
1942,7
1943,4
1944,9
1945,3
1946,2
1947,6
1948,5
1949,8
1950,6
1951,6
1952,5
1953,4
1954,2
1955,8
1956,8
1957,3
1958,1
1959,2
1960,2
1961,4
1962,4
1963,2
1964,9
1965,7
1966,6
1967,9
1968,3
1969,5
1970,9
1971,3
1972,2
1973,6
1974,3
1975,8
1976,9
1977,9
1978,3
1979,5
1980,5
1981,3
1982,2
1983,2
1984,2
1985,4
1986,3
1987,7
1988,0
1989,8
1990,4
1991,4
1992,5
1993,8
1994,0
1995,0
1996,3
1997,6
1998,4
1999,9
2000,0
2001,4
2002,5
2003,7
2004,0
2005,1
2006,0
2007,6
2008,1
2009,8
2010,5
2011,4
2012,7
2013,6
2014,0
2015,1
2016,4
2017,4
2018,4
2019,0
2020,2
2021,7
2022,1
2023,3
2024,6
2025,3
2026,1
2027,8
2028,3
2029,2
2030,6
2031,1
2032,3
2033,9
2034,9
2035,8
2036,4
2037,5
2038,2
2039,5
2040,7
2041,7
2042,8
2043,7
2044,2
2045,5
2046,1
2047,6
2048,2
2049,2
2050,8
2051,2
2052,0
2053,2
2054,2
2055,1
2056,9
2057,4
2058,6
2059,7
2060,5
2061,4
2062,3
2063,0
2064,7
2065,7
2066,5
2067,4
2068,6
2069,1
2070,0
2071,2
2072,3
2073,2
2074,1
2075,0
2076,3
2077,5
2078,6
2079,5
2080,3
2081,2
2082,6
2083,7
2084,7
2085,8
2086,9
2087,0
2088,6
2089,4
2090,4
2091,7
2092,6
2093,1
2094,6
2095,2
2096,5
2097,4
2098,3
2099,1
2100,4
2101,2
2102,0
2103,6
2104,6
2105,9
2106,8
2107,8
2108,2
2109,6
2110,3
2111,2
2112,0
2113,9
2114,1
2115,8
2116,0
2117,9
2118,1
2119,1
2120,0
2121,0
2122,6
2123,7
2124,2
2125,7
2126,2
2127,6
2128,0
2129,1
2130,9
2131,8
2132,7
2133,2
2134,9
2135,2
2136,5
2137,9
2138,7
2139,9
2140,7
2141,6
2142,9
2143,5
2144,0
2145,3
2146,2
2147,7
2148,1
2149,0
2150,8
2151,8
2152,7
2153,6
2154,9
2155,5
2156,5
2157,5
2158,1
2159,9
2160,0
2161,5
2162,6
2163,3
2164,6
2165,6
2166,7
2167,5
2168,1
2169,4
2170,6
2171,3
2172,1
2173,3
2174,0
2175,4
2176,7
2177,0
2178,5
2179,5
2180,7
2181,8
2182,1
2183,6
2184,2
2185,0
2186,3
2187,0
2188,8
2189,1
2190,6
2191,2
2192,6
2193,5
2194,9
2195,6
2196,9
2197,1
2198,0
2199,3
2200,7
2201,2
2202,3
2203,8
2204,1
2205,8
2206,6
2207,7
2208,3
2209,9
2210,1
2211,0
2212,1
2213,3
2214,7
2215,3
2216,5
2217,5
2218,0
2219,5
2220,3
2221,4
2222,4
2223,5
2224,3
2225,7
2226,5
2227,1
2228,4
2229,5
2230,3
2231,6
2232,0
2233,3
2234,3
2235,6
2236,0
2237,9
2238,9
2239,2
2240,2
2241,3
2242,1
2243,3
2244,7
2245,3
2246,2
2247,9
2248,8
2249,7
2250,8
2251,4
2252,9
2253,1
2254,2
2255,1
2256,4
2257,2
2258,7
2259,0
2260,1
2261,6
2262,8
2263,8
2264,4
2265,1
2266,2
2267,6
2268,4
2269,5
2270,3
2271,0
2272,1
2273,8
2274,1
2275,5
2276,7
2277,8
2278,1
2279,7
2280,7
2281,8
2282,7
2283,7
2284,0
2285,4
2286,2
2287,4
2288,4
2289,1
2290,2
2291,3
2292,2
2293,1
2294,9
2295,9
2296,6
2297,2
2298,1
2299,8
2300,8
2301,9
2302,6
2303,4
2304,5
2305,4
2306,5
2307,3
2308,5
2309,3
2310,3
2311,2
2312,2
2313,7
2314,5
2315,6
2316,6
2317,2
2318,5
2319,2
2320,2
2321,9
2322,6
2323,3
2324,1
2325,5
2326,8
2327,4
2328,5
2329,3
2330,3
2331,3
2332,5
2333,3
2334,0
2335,6
2336,3
2337,3
2338,2
2339,6
2340,8
2341,4
2342,1
2343,2
2344,2
2345,2
2346,5
2347,3
2348,5
2349,7
2350,5
2351,1
2352,5
2353,0
2354,1
2355,5
2356,2
2357,4
2358,9
2359,2
2360,9
2361,8
2362,2
2363,3
2364,4
2365,4
2366,5
2367,5
2368,9
2369,9
2370,1
2371,5
2372,9
2373,8
2374,8
2375,3
2376,1
2377,3
2378,8
2379,8
2380,8
2381,2
2382,8
2383,3
2384,6
2385,4
2386,9
2387,7
2388,5
2389,7
2390,5
2391,0
2392,2
2393,4
2394,1
2395,5
2396,8
2397,5
2398,1
2399,3
2400,6
2401,1
2402,9
2403,7
2404,1
2405,4
2406,2
2407,1
2408,9
2409,5
2410,0
2411,8
2412,5
2413,1
2414,2
2415,2
2416,3
2417,3
2418,4
2419,0
2420,9
2421,0
2422,2
2423,9
2424,1
2425,8
2426,6
2427,5
2428,3
2429,3
2430,9
2431,6
2432,8
2433,1
2434,5
2435,9
2436,8
2437,5
2438,5
2439,0
2440,9
2441,0
2442,2
2443,1
2444,2
2445,9
2446,8
2447,9
2448,2
2449,7
2450,0
2451,6
2452,9
2453,6
2454,0
2455,2
2456,3
2457,3
2458,6
2459,2
2460,7
2461,7
2462,7
2463,3
2464,6
2465,3
2466,6
2467,3
2468,1
2469,2
2470,5
2471,2
2472,5
2473,7
2474,1
2475,5
2476,9
2477,2
2478,7
2479,6
2480,8
2481,0
2482,9
2483,5
2484,3
2485,5
2486,3
2487,1
2488,3
2489,8
2490,8
2491,3
2492,1
2493,0
2494,6
2495,6
2496,2
2497,9
2498,4
2499,4
2500,3
2501,2
2502,1
2503,2
2504,7
2505,1
2506,6
2507,9
2508,9
2509,2
2510,1
2511,9
2512,6
2513,0
2514,1
2515,8
2516,7
2517,2
2518,3
2519,4
2520,7
2521,7
2522,3
2523,9
2524,9
2525,3
2526,9
2527,7
2528,2
2529,8
2530,1
2531,8
2532,8
2533,7
2534,5
2535,9
2536,1
2537,2
2538,5
2539,3
2540,0
2541,1
2542,9
2543,5
2544,9
2545,7
2546,9
2547,8
2548,0
2549,6
2550,3
2551,5
2552,0
2553,7
2554,0
2555,9
2556,9
2557,2
2558,9
2559,9
2560,0
2561,5
2562,3
2563,8
2564,9
2565,5
2566,1
2567,2
2568,4
2569,2
2570,4
2571,8
2572,9
2573,9
2574,3
2575,9
2576,3
2577,6
2578,7
2579,5
2580,1
2581,4
2582,5
2583,4
2584,3
2585,8
2586,0
2587,8
2588,0
2589,1
2590,3
2591,2
2592,4
2593,1
2594,8
2595,8
2596,6
2597,2
2598,2
2599,9
2600,7
2601,0
2602,5
2603,3
2604,6
2605,0
2606,7
2607,3
2608,2
2609,5
2610,5
2611,0
2612,1
2613,1
2614,6
2615,2
2616,3
2617,2
2618,6
2619,3
2620,3
2621,9
2622,0
2623,4
2624,2
2625,2
2626,2
2627,3
2628,8
2629,3
2630,2
2631,8
2632,9
2633,2
2634,0
2635,5
2636,1
2637,0
2638,6
2639,2
2640,3
2641,5
2642,2
2643,5
2644,0
2645,4
2646,0
2647,9
2648,9
2649,4
2650,8
2651,8
2652,2
2653,6
2654,9
2655,3
2656,0
2657,4
2658,4
2659,9
2660,6
2661,6
2662,8
2663,6
2664,9
2665,6
2666,0
2667,9
2668,7
2669,8
2670,2
2671,4
2672,0
2673,8
2674,0
2675,0
2676,4
2677,9
2678,8
2679,5
2680,1
2681,6
2682,7
2683,1
2684,1
2685,8
2686,3
2687,4
2688,2
2689,9
2690,5
2691,8
2692,7
2693,4
2694,7
2695,0
2696,4
2697,3
2698,9
2699,9
2700,6
2701,2
2702,6
2703,3
2704,4
2705,6
2706,7
2707,8
2708,3
2709,7
2710,0
2711,3
2712,0
2713,0
2714,4
2715,0
2716,4
2717,3
2718,3
2719,7
2720,3
2721,9
2722,4
2723,1
2724,0
2725,7
2726,1
2727,7
2728,5
2729,4
2730,5
2731,3
2732,0
2733,1
2734,9
2735,5
2736,5
2737,1
2738,6
2739,9
2740,1
2741,0
2742,0
2743,1
2744,8
2745,8
2746,9
2747,8
2748,1
2749,5
2750,6
2751,0
2752,5
2753,9
2754,5
2755,2
2756,5
2757,7
2758,2
2759,4
2760,8
2761,9
2762,7
2763,0
2764,9
2765,7
2766,1
2767,6
2768,0
2769,8
2770,1
2771,5
2772,4
2773,0
2774,1
2775,2
2776,7
2777,8
2778,9
2779,9
2780,0
2781,1
2782,2
2783,2
2784,4
2785,0
2786,0
2787,1
2788,8
2789,4
2790,1
2791,5
2792,5
2793,8
2794,7
2795,2
2796,2
2797,1
2798,0
2799,6
2800,5
2801,8
2802,6
2803,7
2804,5
2805,4
2806,8
2807,4
2808,6
2809,2
2810,9
2811,9
2812,8
2813,4
2814,7
2815,7
2816,8
2817,8
2818,0
2819,3
2820,5
2821,0
2822,4
2823,0
2824,5
2825,4
2826,2
2827,4
2828,1
2829,1
2830,2
2831,5
2832,1
2833,3
2834,7
2835,6
2836,9
2837,3
2838,6
2839,4
2840,5
2841,1
2842,2
2843,3
2844,0
2845,9
2846,8
2847,5
2848,7
2849,6
2850,9
2851,0
2852,2
2853,3
2854,8
2855,3
2856,4
2857,4
2858,0
2859,0
2860,8
2861,8
2862,7
2863,7
2864,9
2865,8
2866,5
2867,8
2868,9
2869,0
2870,9
2871,2
2872,9
2873,0
2874,5
2875,5
2876,7
2877,6
2878,7
2879,4
2880,6
2881,5
2882,4
2883,0
2884,3
2885,0
2886,2
2887,1
2888,6
2889,1
2890,4
2891,6
2892,6
2893,5
2894,4
2895,6
2896,5
2897,9
2898,8
2899,1
2900,5
2901,3
2902,2
2903,9
2904,0
2905,3
2906,9
2907,0
2908,8
2909,1
2910,5
2911,5
2912,5
2913,0
2914,3
2915,8
2916,7
2917,7
2918,5
2919,6
2920,3
2921,2
2922,5
2923,5
2924,9
2925,7
2926,8
2927,4
2928,9
2929,6
2930,1
2931,9
2932,6
2933,4
2934,6
2935,2
2936,1
2937,0
2938,7
2939,6
2940,7
2941,5
2942,8
2943,0
2944,8
2945,6
2946,1
2947,4
2948,7
2949,1
2950,6
2951,4
2952,8
2953,4
2954,0
2955,4
2956,6
2957,6
2958,5
2959,0
2960,6
2961,8
2962,3
2963,0
2964,3
2965,5
2966,0
2967,7
2968,5
2969,7
2970,0
2971,8
2972,6
2973,7
2974,1
2975,2
2976,7
2977,5
2978,5
2979,6
2980,2
2981,9
2982,9
2983,6
2984,9
2985,5
2986,2
2987,5
2988,9
2989,7
2990,0
2991,9
2992,5
2993,6
2994,9
2995,8
2996,2
2997,6
2998,2
2999,2
3000,9
3001,2
3002,9
3003,4
3004,6
3005,4
3006,9
3007,2
3008,9
3009,4
3010,8
3011,5
3012,5
3013,8
3014,6
3015,5
3016,8
3017,0
3018,8
3019,3
3020,8
3021,0
3022,3
3023,8
3024,7
3025,4
3026,6
3027,1
3028,2
3029,1
3030,8
3031,3
3032,8
3033,4
3034,2
3035,7
3036,9
3037,8
3038,0
3039,4
3040,8
3041,7
3042,6
3043,4
3044,6
3045,7
3046,6
3047,0
3048,1
3049,9
3050,2
3051,9
3052,4
3053,9
3054,9
3055,9
3056,1
3057,0
3058,6
3059,3
3060,4
3061,6
3062,5
3063,1
3064,5
3065,0
3066,0
3067,8
3068,8
3069,4
3070,4
3071,1
3072,8
3073,2
3074,8
3075,9
3076,2
3077,5
3078,9
3079,1
3080,6
3081,5
3082,1
3083,9
3084,7
3085,7
3086,5
3087,4
3088,6
3089,9
3090,2
3091,9
3092,5
3093,5
3094,1
3095,6
3096,5
3097,8
3098,9
3099,9
3100,8
3101,2
3102,3
3103,9
3104,0
3105,1
3106,9
3107,5
3108,9
3109,0
3110,4
3111,1
3112,6
3113,6
3114,6
3115,3
3116,2
3117,3
3118,0
3119,2
3120,1
3121,7
3122,5
3123,7
3124,1
3125,7
3126,0
3127,4
3128,6
3129,8
3130,9
3131,9
3132,4
3133,8
3134,4
3135,0
3136,9
3137,3
3138,5
3139,1
3140,4
3141,1
3142,2
3143,7
3144,5
3145,4
3146,3
3147,0
3148,0
3149,1
3150,6
3151,9
3152,7
3153,6
3154,3
3155,4
3156,8
3157,4
3158,2
3159,9
3160,7
3161,6
3162,9
3163,8
3164,4
3165,1
3166,4
3167,2
3168,6
3169,7
3170,0
3171,6
3172,9
3173,2
3174,1
3175,1
3176,9
3177,8
3178,2
3179,1
3180,1
3181,7
3182,7
3183,2
3184,7
3185,2
3186,5
3187,9
3188,9
3189,7
3190,1
3191,0
3192,4
3193,0
3194,3
3195,2
3196,3
3197,9
3198,8
3199,7
3200,0
3201,8
3202,3
3203,5
3204,8
3205,2
3206,1
3207,6
3208,8
3209,8
3210,2
3211,3
3212,1
3213,2
3214,7
3215,8
3216,0
3217,5
3218,7
3219,4
3220,3
3221,6
3222,9
3223,6
3224,0
3225,2
3226,5
3227,4
3228,0
3229,6
3230,2
3231,7
3232,5
3233,8
3234,5
3235,2
3236,3
3237,6
3238,0
3239,9
3240,7
3241,3
3242,5
3243,0
3244,5
3245,5
3246,6
3247,7
3248,2
3249,1
3250,8
3251,1
3252,8
3253,5
3254,1
3255,7
3256,2
3257,3
3258,3
3259,0
3260,7
3261,7
3262,9
3263,6
3264,1
3265,2
3266,5
3267,0
3268,8
3269,4
3270,9
3271,9
3272,0
3273,8
3274,3
3275,2
3276,8
3277,1
3278,7
3279,0
3280,3
3281,5
3282,3
3283,6
3284,1
3285,1
3286,5
3287,8
3288,2
3289,8
3290,6
3291,0
3292,2
3293,6
3294,4
3295,4
3296,0
3297,3
3298,6
3299,4
3300,9
3301,9
3302,2
3303,5
3304,0
3305,1
3306,4
3307,1
3308,9
3309,8
3310,0
3311,2
3312,6
3313,0
3314,0
3315,9
3316,5
3317,1
3318,3
3319,7
3320,7
3321,9
3322,9
3323,2
3324,6
3325,9
3326,7
3327,7
3328,7
3329,3
3330,6
3331,9
3332,4
3333,6
3334,3
3335,6
3336,1
3337,6
3338,2
3339,0
3340,3
3341,5
3342,8
3343,2
3344,1
3345,8
3346,4
3347,6
3348,8
3349,6
3350,2
3351,2
3352,2
3353,4
3354,1
3355,7
3356,2
3357,6
3358,7
3359,9
3360,7
3361,6
3362,5
3363,1
3364,4
3365,6
3366,7
3367,0
3368,0
3369,3
3370,2
3371,2
3372,7
3373,5
3374,8
3375,3
3376,5
3377,8
3378,7
3379,9
3380,2
3381,1
3382,4
3383,4
3384,1
3385,4
3386,6
3387,4
3388,6
3389,7
3390,1
3391,2
3392,0
3393,1
3394,9
3395,7
3396,3
3397,9
3398,2
3399,2
3400,4
3401,6
3402,7
3403,1
3404,5
3405,1
3406,8
3407,2
3408,2
3409,0
3410,9
3411,2
3412,6
3413,8
3414,6
3415,2
3416,9
3417,1
3418,4
3419,3
3420,1
3421,3
3422,8
3423,9
3424,9
3425,2
3426,7
3427,8
3428,2
3429,9
3430,2
3431,5
3432,4
3433,0
3434,8
3435,8
3436,2
3437,0
3438,2
3439,9
3440,1
3441,0
3442,1
3443,6
3444,1
3445,8
3446,2
3447,2
3448,4
3449,4
3450,8
3451,8
3452,4
3453,6
3454,1
3455,3
3456,7
3457,3
3458,4
3459,3
3460,1
3461,4
3462,5
3463,3
3464,2
3465,0
3466,7
3467,6
3468,5
3469,7
3470,1
3471,0
3472,7
3473,9
3474,7
3475,9
3476,6
3477,3
3478,7
3479,9
3480,8
3481,9
3482,7
3483,5
3484,0
3485,1
3486,9
3487,1
3488,6
3489,1
3490,1
3491,7
3492,9
3493,0
3494,3
3495,0
3496,7
3497,4
3498,4
3499,3
3500,9
3501,4
3502,4
3503,7
3504,4
3505,3
3506,6
3507,0
3508,3
3509,8
3510,7
3511,5
3512,3
3513,1
3514,8
3515,5
3516,7
3517,1
3518,4
3519,4
3520,4
3521,8
3522,8
3523,3
3524,1
3525,8
3526,8
3527,7
3528,2
3529,7
3530,1
3531,8
3532,3
3533,0
3534,9
3535,0
3536,6
3537,0
3538,8
3539,7
3540,7
3541,1
3542,8
3543,9
3544,9
3545,6
3546,0
3547,7
3548,0
3549,8
3550,5
3551,3
3552,7
3553,8
3554,9
3555,3
3556,1
3557,2
3558,3
3559,5
3560,1
3561,2
3562,1
3563,4
3564,4
3565,2
3566,1
3567,4
3568,7
3569,1
3570,5
3571,5
3572,9
3573,5
3574,2
3575,7
3576,9
3577,3
3578,5
3579,2
3580,1
3581,8
3582,6
3583,9
3584,4
3585,5
3586,6
3587,7
3588,0
3589,8
3590,0
3591,5
3592,3
3593,0
3594,2
3595,8
3596,8
3597,9
3598,3
3599,8
3600,0
3601,1
3602,5
3603,3
3604,9
3605,8
3606,4
3607,2
3608,7
3609,6
3610,7
3611,2
3612,0
3613,9
3614,2
3615,3
3616,2
3617,0
3618,8
3619,2
3620,0
3621,7
3622,4
3623,3
3624,7
3625,5
3626,9
3627,5
3628,2
3629,4
3630,1
3631,0
3632,0
3633,0
3634,1
3635,3
3636,8
3637,3
3638,1
3639,5
3640,5
3641,6
3642,4
3643,5
3644,4
3645,6
3646,4
3647,3
3648,6
3649,1
3650,9
3651,5
3652,5
3653,3
3654,0
3655,2
3656,4
3657,3
3658,7
3659,1
3660,8
3661,8
3662,6
3663,4
3664,1
3665,9
3666,0
3667,0
3668,9
3669,3
3670,8
3671,3
3672,1
3673,0
3674,1
3675,7
3676,4
3677,8
3678,4
3679,0
3680,9
3681,0
3682,4
3683,7
3684,4
3685,4
3686,3
3687,5
3688,0
3689,6
3690,2
3691,0
3692,6
3693,2
3694,4
3695,7
3696,6
3697,7
3698,2
3699,0
3700,1
3701,4
3702,7
3703,1
3704,1
3705,0
3706,0
3707,7
3708,2
3709,3
3710,6
3711,0
3712,0
3713,9
3714,7
3715,2
3716,2
3717,6
3718,9
3719,4
3720,6
3721,5
3722,3
3723,3
3724,6
3725,8
3726,2
3727,6
3728,2
3729,3
3730,7
3731,1
3732,5
3733,5
3734,3
3735,2
3736,1
3737,4
3738,9
3739,6
3740,7
3741,4
3742,8
3743,8
3744,3
3745,5
3746,6
3747,5
3748,0
3749,6
3750,6
3751,9
3752,3
3753,3
3754,5
3755,1
3756,3
3757,2
3758,9
3759,3
3760,7
3761,3
3762,4
3763,3
3764,1
3765,2
3766,0
3767,9
3768,3
3769,8
3770,9
3771,3
3772,6
3773,6
3774,9
3775,8
3776,1
3777,6
3778,7
3779,8
3780,0
3781,3
3782,9
3783,3
3784,1
3785,2
3786,5
3787,0
3788,1
3789,9
3790,6
3791,9
3792,2
3793,8
3794,4
3795,8
3796,0
3797,1
3798,0
3799,0
3800,9
3801,0
3802,6
3803,5
3804,1
3805,0
3806,2
3807,7
3808,4
3809,4
3810,1
3811,5
3812,9
3813,6
3814,0
3815,5
3816,1
3817,1
3818,0
3819,1
3820,3
3821,1
3822,1
3823,5
3824,5
3825,2
3826,2
3827,2
3828,5
3829,7
3830,7
3831,4
3832,7
3833,1
3834,9
3835,2
3836,1
3837,5
3838,8
3839,2
3840,0
3841,1
3842,5
3843,9
3844,2
3845,4
3846,5
3847,6
3848,9
3849,6
3850,4
3851,9
3852,3
3853,1
3854,1
3855,2
3856,3
3857,6
3858,6
3859,8
3860,7
3861,8
3862,8
3863,2
3864,6
3865,7
3866,8
3867,6
3868,3
3869,6
3870,3
3871,9
3872,2
3873,1
3874,8
3875,7
3876,7
3877,2
3878,1
3879,6
3880,2
3881,0
3882,0
3883,1
3884,4
3885,9
3886,5
3887,0
3888,4
3889,7
3890,1
3891,1
3892,7
3893,2
3894,1
3895,0
3896,0
3897,3
3898,8
3899,3
3900,1
3901,8
3902,0
3903,0
3904,0
3905,3
3906,8
3907,7
3908,4
3909,8
3910,7
3911,0
3912,1
3913,2
3914,1
3915,7
3916,2
3917,0
3918,9
3919,5
3920,6
3921,4
3922,9
3923,9
3924,6
3925,6
3926,1
3927,5
3928,7
3929,1
3930,7
3931,8
3932,6
3933,0
3934,1
3935,0
3936,6
3937,3
3938,3
3939,8
3940,8
3941,2
3942,5
3943,1
3944,4
3945,5
3946,5
3947,7
3948,5
3949,5
3950,1
3951,6
3952,7
3953,1
3954,8
3955,0
3956,3
3957,1
3958,5
3959,9
3960,7
3961,5
3962,0
3963,0
3964,5
3965,8
3966,5
3967,4
3968,1
3969,1
3970,1
3971,1
3972,5
3973,7
3974,9
3975,4
3976,4
3977,1
3978,1
3979,6
3980,4
3981,5
3982,6
3983,4
3984,0
3985,9
3986,5
3987,2
3988,8
3989,2
3990,6
3991,6
3992,4
3993,9
3994,5
3995,4
3996,9
3997,8
3998,6
3999,9
4000,2
4001,6
4002,4
4003,0
4004,0
4005,8
4006,2
4007,5
4008,5
4009,7
4010,6
4011,0
4012,6
4013,9
4014,4
4015,1
4016,0
4017,8
4018,9
4019,9
4020,8
4021,5
4022,0
4023,1
4024,9
4025,7
4026,9
4027,8
4028,2
4029,8
4030,6
4031,2
4032,9
4033,6
4034,9
4035,8
4036,6
4037,9
4038,9
4039,4
4040,0
4041,8
4042,4
4043,5
4044,4
4045,7
4046,0
4047,0
4048,1
4049,8
4050,2
4051,3
4052,5
4053,9
4054,0
4055,7
4056,8
4057,0
4058,1
4059,2
4060,0
4061,7
4062,6
4063,0
4064,3
4065,6
4066,8
4067,0
4068,0
4069,2
4070,4
4071,1
4072,2
4073,4
4074,5
4075,2
4076,7
4077,0
4078,3
4079,5
4080,5
4081,7
4082,8
4083,1
4084,3
4085,5
4086,1
4087,6
4088,1
4089,0
4090,9
4091,6
4092,3
4093,2
4094,0
4095,7
4096,8
4097,4
4098,9
4099,8
4100,6
4101,4
4102,7
4103,6
4104,1
4105,2
4106,4
4107,7
4108,8
4109,1
4110,2
4111,9
4112,8
4113,7
4114,6
4115,1
4116,9
4117,6
4118,9
4119,0
4120,4
4121,4
4122,8
4123,6
4124,4
4125,8
4126,4
4127,3
4128,3
4129,6
4130,5
4131,2
4132,8
4133,4
4134,4
4135,5
4136,7
4137,1
4138,3
4139,6
4140,9
4141,3
4142,3
4143,8
4144,8
4145,3
4146,2
4147,3
4148,1
4149,8
4150,6
4151,5
4152,6
4153,3
4154,2
4155,3
4156,4
4157,9
4158,8
4159,2
4160,1
4161,0
4162,3
4163,9
4164,6
4165,2
4166,9
4167,6
4168,8
4169,3
4170,1
4171,6
4172,1
4173,6
4174,0
4175,5
4176,0
4177,2
4178,0
4179,4
4180,6
4181,0
4182,5
4183,5
4184,0
4185,2
4186,9
4187,5
4188,1
4189,2
4190,5
4191,0
4192,6
4193,6
4194,7
4195,2
4196,6
4197,2
4198,9
4199,3
4200,8
4201,5
4202,5
4203,0
4204,6
4205,5
4206,7
4207,6
4208,5
4209,5
4210,7
4211,0
4212,0
4213,1
4214,0
4215,0
4216,6
4217,9
4218,9
4219,9
4220,5
4221,9
4222,6
4223,1
4224,8
4225,8
4226,0
4227,2
4228,0
4229,3
4230,1
4231,9
4232,0
4233,1
4234,7
4235,3
4236,5
4237,6
4238,2
4239,0
4240,7
4241,0
4242,1
4243,1
4244,3
4245,8
4246,6
4247,7
4248,3
4249,2
4250,0
4251,6
4252,3
4253,3
4254,6
4255,8
4256,2
4257,5
4258,8
4259,0
4260,5
4261,1
4262,9
4263,6
4264,1
4265,8
4266,5
4267,9
4268,4
4269,4
4270,8
4271,2
4272,4
4273,2
4274,4
4275,1
4276,3
4277,2
4278,5
4279,6
4280,6
4281,3
4282,8
4283,4
4284,1
4285,4
4286,6
4287,2
4288,9
4289,7
4290,0
4291,3
4292,5
4293,3
4294,4
4295,9
4296,2
4297,8
4298,6
4299,4
4300,6
4301,3
4302,9
4303,6
4304,4
4305,9
4306,9
4307,1
4308,6
4309,7
4310,8
4311,3
4312,1
4313,4
4314,2
4315,4
4316,0
4317,5
4318,6
4319,2
4320,7
4321,2
4322,5
4323,6
4324,8
4325,1
4326,1
4327,7
4328,4
4329,2
4330,3
4331,9
4332,9
4333,3
4334,7
4335,2
4336,0
4337,2
4338,6
4339,2
4340,1
4341,8
4342,8
4343,2
4344,2
4345,1
4346,7
4347,8
4348,0
4349,7
4350,4
4351,4
4352,5
4353,2
4354,7
4355,9
4356,8
4357,1
4358,3
4359,9
4360,6
4361,7
4362,9
4363,3
4364,5
4365,2
4366,2
4367,5
4368,4
4369,5
4370,2
4371,9
4372,2
4373,0
4374,3
4375,1
4376,6
4377,4
4378,3
4379,9
4380,6
4381,8
4382,2
4383,5
4384,2
4385,3
4386,1
4387,7
4388,5
4389,2
4390,1
4391,7
4392,4
4393,8
4394,7
4395,3
4396,7
4397,3
4398,6
4399,6
4400,2
4401,9
4402,9
4403,8
4404,1
4405,2
4406,1
4407,0
4408,6
4409,2
4410,9
4411,1
4412,1
4413,4
4414,7
4415,7
4416,2
4417,8
4418,6
4419,5
4420,8
4421,8
4422,2
4423,4
4424,3
4425,5
4426,9
4427,9
4428,4
4429,3
4430,9
4431,8
4432,0
4433,8
4434,2
4435,9
4436,2
4437,7
4438,3
4439,1
4440,9
4441,3
4442,7
4443,9
4444,0
4445,2
4446,3
4447,4
4448,3
4449,2
4450,8
4451,8
4452,8
4453,9
4454,7
4455,4
4456,4
4457,9
4458,6
4459,4
4460,0
4461,9
4462,4
4463,9
4464,9
4465,4
4466,2
4467,9
4468,1
4469,1
4470,2
4471,8
4472,0
4473,8
4474,5
4475,5
4476,9
4477,0
4478,3
4479,4
4480,2
4481,4
4482,9
4483,1
4484,0
4485,1
4486,3
4487,3
4488,3
4489,7
4490,2
4491,7
4492,4
4493,3
4494,3
4495,1
4496,1
4497,2
4498,2
4499,0
4500,3
4501,6
4502,0
4503,3
4504,8
4505,2
4506,3
4507,9
4508,5
4509,6
4510,5
4511,4
4512,2
4513,0
4514,3
4515,7
4516,6
4517,0
4518,4
4519,1
4520,0
4521,3
4522,7
4523,6
4524,9
4525,5
4526,4
4527,2
4528,0
4529,0
4530,8
4531,4
4532,2
4533,8
4534,9
4535,9
4536,3
4537,5
4538,0
4539,1
4540,8
4541,3
4542,0
4543,6
4544,0
4545,5
4546,0
4547,2
4548,9
4549,9
4550,3
4551,2
4552,3
4553,0
4554,6
4555,1
4556,7
4557,7
4558,3
4559,5
4560,2
4561,0
4562,2
4563,5
4564,8
4565,1
4566,1
4567,0
4568,8
4569,5
4570,3
4571,9
4572,3
4573,9
4574,6
4575,6
4576,0
4577,6
4578,9
4579,8
4580,3
4581,4
4582,8
4583,8
4584,5
4585,3
4586,3
4587,2
4588,2
4589,9
4590,2
4591,6
4592,7
4593,3
4594,9
4595,5
4596,1
4597,7
4598,8
4599,5
4600,2
4601,5
4602,9
4603,4
4604,0
4605,2
4606,2
4607,6
4608,9
4609,6
4610,2
4611,4
4612,6
4613,8
4614,1
4615,2
4616,2
4617,7
4618,5
4619,5
4620,6
4621,1
4622,8
4623,3
4624,0
4625,6
4626,9
4627,9
4628,7
4629,1
4630,6
4631,4
4632,0
4633,6
4634,7
4635,2
4636,2
4637,2
4638,1
4639,5
4640,9
4641,2
4642,8
4643,0
4644,7
4645,7
4646,7
4647,1
4648,3
4649,0
4650,9
4651,4
4652,3
4653,2
4654,3
4655,6
4656,6
4657,6
4658,7
4659,5
4660,8
4661,8
4662,7
4663,9
4664,7
4665,4
4666,8
4667,1
4668,6
4669,7
4670,2
4671,9
4672,3
4673,3
4674,8
4675,2
4676,0
4677,4
4678,3
4679,7
4680,4
4681,5
4682,9
4683,1
4684,3
4685,5
4686,3
4687,1
4688,0
4689,9
4690,9
4691,5
4692,9
4693,9
4694,5
4695,0
4696,3
4697,5
4698,5
4699,8
4700,6
4701,3
4702,6
4703,0
4704,7
4705,0
4706,7
4707,3
4708,1
4709,6
4710,5
4711,6
4712,9
4713,1
4714,2
4715,8
4716,0
4717,8
4718,8
4719,3
4720,7
4721,0
4722,3
4723,9
4724,8
4725,3
4726,6
4727,2
4728,8
4729,1
4730,5
4731,3
4732,6
4733,9
4734,4
4735,9
4736,5
4737,1
4738,1
4739,1
4740,1
4741,1
4742,6
4743,4
4744,1
4745,7
4746,2
4747,3
4748,8
4749,7
4750,4
4751,8
4752,2
4753,0
4754,2
4755,4
4756,2
4757,2
4758,8
4759,6
4760,7
4761,0
4762,5
4763,9
4764,2
4765,2
4766,7
4767,8
4768,1
4769,5
4770,0
4771,7
4772,8
4773,5
4774,0
4775,2
4776,5
4777,8
4778,3
4779,6
4780,7
4781,0
4782,1
4783,6
4784,3
4785,9
4786,1
4787,3
4788,2
4789,5
4790,8
4791,6
4792,6
4793,2
4794,2
4795,1
4796,4
4797,9
4798,9
4799,0
4800,6
4801,8
4802,9
4803,6
4804,5
4805,0
4806,3
4807,5
4808,2
4809,7
4810,4
4811,2
4812,1
4813,9
4814,3
4815,5
4816,6
4817,2
4818,0
4819,8
4820,6
4821,7
4822,2
4823,2
4824,6
4825,3
4826,7
4827,1
4828,1
4829,0
4830,6
4831,9
4832,4
4833,1
4834,4
4835,3
4836,0
4837,4
4838,3
4839,2
4840,4
4841,1
4842,2
4843,1
4844,3
4845,2
4846,4
4847,7
4848,5
4849,5
4850,8
4851,9
4852,9
4853,6
4854,6
4855,1
4856,8
4857,4
4858,5
4859,1
4860,9
4861,8
4862,3
4863,5
4864,2
4865,9
4866,8
4867,7
4868,7
4869,9
4870,2
4871,5
4872,4
4873,6
4874,3
4875,7
4876,8
4877,5
4878,5
4879,5
4880,4
4881,5
4882,1
4883,7
4884,8
4885,5
4886,7
4887,7
4888,2
4889,6
4890,5
4891,2
4892,4
4893,1
4894,3
4895,1
4896,2
4897,0
4898,3
4899,7
4900,6
4901,3
4902,9
4903,7
4904,0
4905,2
4906,8
4907,9
4908,1
4909,4
4910,7
4911,3
4912,0
4913,7
4914,4
4915,2
4916,7
4917,1
4918,8
4919,4
4920,4
4921,4
4922,0
4923,0
4924,3
4925,3
4926,9
4927,8
4928,8
4929,0
4930,5
4931,3
4932,7
4933,6
4934,4
4935,3
4936,9
4937,5
4938,3
4939,5
4940,2
4941,9
4942,4
4943,5
4944,5
4945,1
4946,5
4947,8
4948,2
4949,3
4950,2
4951,2
4952,8
4953,4
4954,9
4955,8
4956,3
4957,9
4958,4
4959,8
4960,4
4961,9
4962,8
4963,5
4964,0
4965,3
4966,6
4967,6
4968,6
4969,5
4970,3
4971,8
4972,9
4973,2
4974,8
4975,5
4976,7
4977,3
4978,2
4979,5
4980,8
4981,5
4982,2
4983,1
4984,9
4985,2
4986,6
4987,3
4988,2
4989,4
4990,5
4991,5
4992,0
4993,7
4994,5
4995,4
4996,9
4997,3
4998,4
4999,6
5000,7
5001,5
5002,7
5003,2
5004,9
5005,1
5006,7
5007,0
5008,3
5009,2
5010,0
5011,1
5012,0
5013,3
5014,6
5015,6
5016,8
5017,3
5018,6
5019,1
5020,6
5021,1
5022,7
5023,8
5024,3
5025,7
5026,4
5027,7
5028,1
5029,2
5030,8
5031,1
5032,0
5033,2
5034,0
5035,7
5036,0
5037,5
5038,8
5039,2
5040,1
5041,4
5042,9
5043,5
5044,8
5045,1
5046,3
5047,7
5048,0
5049,9
5050,0
5051,5
5052,6
5053,1
5054,3
5055,5
5056,0
5057,1
5058,6
5059,3
5060,7
5061,9
5062,5
5063,5
5064,5
5065,3
5066,8
5067,1
5068,9
5069,9
5070,0
5071,3
5072,9
5073,9
5074,4
5075,8
5076,4
5077,0
5078,7
5079,9
5080,4
5081,7
5082,9
5083,7
5084,9
5085,6
5086,7
5087,7
5088,9
5089,0
5090,6
5091,7
5092,7
5093,5
5094,2
5095,1
5096,3
5097,1
5098,2
5099,3
5100,5
5101,5
5102,5
5103,9
5104,3
5105,0
5106,8
5107,0
5108,8
5109,4
5110,3
5111,4
5112,8
5113,4
5114,9
5115,9
5116,5
5117,9
5118,9
5119,8
5120,3
5121,9
5122,6
5123,1
5124,3
5125,3
5126,5
5127,2
5128,5
5129,7
5130,5
5131,2
5132,2
5133,7
5134,2
5135,3
5136,3
5137,3
5138,8
5139,4
5140,8
5141,1
5142,9
5143,9
5144,7
5145,2
5146,2
5147,3
5148,8
5149,7
5150,2
5151,5
5152,5
5153,2
5154,0
5155,8
5156,9
5157,1
5158,4
5159,1
5160,8
5161,0
5162,1
5163,1
5164,2
5165,0
5166,7
5167,7
5168,2
5169,8
5170,2
5171,3
5172,5
5173,2
5174,5
5175,6
5176,7
5177,8
5178,8
5179,0
5180,7
5181,8
5182,6
5183,7
5184,6
5185,0
5186,8
5187,8
5188,7
5189,7
5190,7
5191,2
5192,6
5193,5
5194,3
5195,5
5196,6
5197,4
5198,7
5199,7
5200,7
5201,7
5202,6
5203,8
5204,1
5205,9
5206,0
5207,6
5208,4
5209,2
5210,9
5211,7
5212,3
5213,0
5214,7
5215,0
5216,1
5217,0
5218,6
5219,1
5220,9
5221,7
5222,1
5223,7
5224,1
5225,0
5226,0
5227,7
5228,1
5229,1
5230,9
5231,8
5232,2
5233,8
5234,0
5235,8
5236,2
5237,1
5238,3
5239,3
5240,0
5241,2
5242,0
5243,6
5244,9
5245,3
5246,7
5247,0
5248,0
5249,9
5250,1
5251,6
5252,6
5253,0
5254,9
5255,2
5256,5
5257,7
5258,1
5259,2
5260,6
5261,9
5262,1
5263,3
5264,1
5265,1
5266,8
5267,3
5268,7
5269,3
5270,3
5271,5
5272,1
5273,8
5274,8
5275,9
5276,4
5277,3
5278,5
5279,4
5280,8
5281,1
5282,8
5283,1
5284,0
5285,8
5286,2
5287,2
5288,8
5289,4
5290,0
5291,1
5292,1
5293,8
5294,6
5295,5
5296,2
5297,3
5298,7
5299,7
5300,6
5301,8
5302,4
5303,6
5304,4
5305,8
5306,1
5307,5
5308,8
5309,7
5310,0
5311,4
5312,7
5313,1
5314,6
5315,0
5316,0
5317,3
5318,3
5319,0
5320,4
5321,4
5322,8
5323,0
5324,8
5325,9
5326,4
5327,0
5328,5
5329,9
5330,5
5331,1
5332,0
5333,7
5334,1
5335,7
5336,5
5337,9
5338,1
5339,5
5340,3
5341,5
5342,5
5343,1
5344,0
5345,4
5346,0
5347,5
5348,9
5349,5
5350,9
5351,2
5352,8
5353,4
5354,0
5355,0
5356,1
5357,8
5358,3
5359,3
5360,9
5361,8
5362,9
5363,0
5364,1
5365,6
5366,1
5367,6
5368,4
5369,9
5370,3
5371,6
5372,2
5373,6
5374,5
5375,1
5376,0
5377,7
5378,1
5379,4
5380,3
5381,0
5382,1
5383,0
5384,6
5385,2
5386,1
5387,8
5388,9
5389,2
5390,0
5391,3
5392,2
5393,2
5394,7
5395,1
5396,5
5397,9
5398,6
5399,3
5400,4
5401,6
5402,2
5403,1
5404,2
5405,0
5406,8
5407,4
5408,0
5409,0
5410,3
5411,6
5412,0
5413,6
5414,2
5415,5
5416,0
5417,1
5418,3
5419,0
5420,4
5421,1
5422,9
5423,3
5424,9
5425,4
5426,3
5427,5
5428,2
5429,9
5430,7
5431,2
5432,7
5433,5
5434,1
5435,8
5436,8
5437,7
5438,1
5439,0
5440,9
5441,2
5442,9
5443,2
5444,4
5445,4
5446,3
5447,3
5448,1
5449,3
5450,3
5451,5
5452,1
5453,2
5454,7
5455,9
5456,1
5457,1
5458,0
5459,5
5460,2
5461,5
5462,0
5463,9
5464,5
5465,8
5466,9
5467,7
5468,5
5469,1
5470,9
5471,7
5472,9
5473,0
5474,6
5475,0
5476,4
5477,7
5478,9
5479,8
5480,5
5481,9
5482,3
5483,0
5484,0
5485,5
5486,7
5487,6
5488,1
5489,0
5490,8
5491,6
5492,0
5493,6
5494,1
5495,9
5496,6
5497,8
5498,5
5499,6
5500,0
5501,1
5502,2
5503,8
5504,5
5505,2
5506,6
5507,6
5508,2
5509,6
5510,7
5511,0
5512,6
5513,8
5514,4
5515,7
5516,5
5517,9
5518,7
5519,7
5520,1
5521,7
5522,9
5523,2
5524,9
5525,0
5526,5
5527,1
5528,8
5529,0
5530,3
5531,4
5532,9
5533,2
5534,3
5535,7
5536,0
5537,5
5538,2
5539,7
5540,2
5541,1
5542,6
5543,2
5544,4
5545,5
5546,4
5547,0
5548,9
5549,4
5550,5
5551,6
5552,6
5553,0
5554,2
5555,2
5556,3
5557,8
5558,9
5559,5
5560,2
5561,5
5562,1
5563,7
5564,1
5565,9
5566,0
5567,7
5568,6
5569,2
5570,8
5571,5
5572,6
5573,1
5574,3
5575,1
5576,3
5577,8
5578,4
5579,4
5580,8
5581,4
5582,0
5583,0
5584,6
5585,7
5586,7
5587,1
5588,3
5589,9
5590,9
5591,0
5592,9
5593,3
5594,0
5595,9
5596,5
5597,2
5598,1
5599,8
5600,7
5601,6
5602,5
5603,6
5604,2
5605,2
5606,6
5607,1
5608,8
5609,4
5610,8
5611,7
5612,3
5613,2
5614,3
5615,6
5616,8
5617,5
5618,4
5619,5
5620,1
5621,0
5622,1
5623,0
5624,2
5625,3
5626,2
5627,8
5628,5
5629,2
5630,6
5631,4
5632,9
5633,7
5634,5
5635,8
5636,1
5637,5
5638,6
5639,9
5640,8
5641,8
5642,5
5643,1
5644,0
5645,5
5646,1
5647,0
5648,5
5649,6
5650,2
5651,5
5652,9
5653,4
5654,0
5655,6
5656,5
5657,9
5658,0
5659,0
5660,6
5661,1
5662,3
5663,9
5664,8
5665,2
5666,6
5667,7
5668,2
5669,7
5670,8
5671,5
5672,2
5673,1
5674,5
5675,7
5676,1
5677,6
5678,8
5679,9
5680,1
5681,4
5682,5
5683,9
5684,3
5685,9
5686,7
5687,6
5688,7
5689,6
5690,9
5691,0
5692,6
5693,3
5694,9
5695,4
5696,0
5697,0
5698,4
5699,0
5700,2
5701,9
5702,2
5703,3
5704,8
5705,7
5706,4
5707,4
5708,3
5709,6
5710,2
5711,6
5712,2
5713,5
5714,1
5715,2
5716,6
5717,5
5718,4
5719,1
5720,6
5721,4
5722,5
5723,1
5724,0
5725,1
5726,7
5727,7
5728,6
5729,3
5730,6
5731,9
5732,1
5733,5
5734,1
5735,3
5736,5
5737,9
5738,5
5739,8
5740,3
5741,2
5742,4
5743,2
5744,8
5745,1
5746,5
5747,3
5748,0
5749,3
5750,1
5751,6
5752,1
5753,0
5754,6
5755,1
5756,1
5757,8
5758,0
5759,5
5760,6
5761,1
5762,6
5763,4
5764,8
5765,8
5766,8
5767,8
5768,2
5769,5
5770,8
5771,4
5772,0
5773,1
5774,5
5775,0
5776,7
5777,8
5778,0
5779,8
5780,9
5781,7
5782,1
5783,7
5784,8
5785,2
5786,7
5787,0
5788,7
5789,1
5790,3
5791,7
5792,7
5793,7
5794,7
5795,8
5796,7
5797,4
5798,7
5799,2
5800,7
5801,7
5802,7
5803,5
5804,9
5805,4
5806,3
5807,3
5808,9
5809,1
5810,2
5811,1
5812,0
5813,1
5814,1
5815,0
5816,8
5817,6
5818,8
5819,5
5820,8
5821,8
5822,5
5823,4
5824,3
5825,2
5826,0
5827,0
5828,7
5829,3
5830,3
5831,7
5832,7
5833,1
5834,5
5835,3
5836,6
5837,4
5838,8
5839,9
5840,1
5841,2
5842,6
5843,8
5844,2
5845,6
5846,6
5847,2
5848,1
5849,3
5850,8
5851,7
5852,2
5853,7
5854,9
5855,2
5856,2
5857,0
5858,6
5859,6
5860,1
5861,3
5862,1
5863,0
5864,1
5865,3
5866,2
5867,4
5868,6
5869,0
5870,0
5871,7
5872,9
5873,1
5874,6
5875,5
5876,7
5877,7
5878,1
5879,9
5880,8
5881,7
5882,7
5883,2
5884,3
5885,6
5886,9
5887,9
5888,0
5889,8
5890,0
5891,1
5892,4
5893,1
5894,7
5895,0
5896,7
5897,4
5898,7
5899,1
5900,8
5901,0
5902,7
5903,0
5904,7
5905,9
5906,3
5907,9
5908,8
5909,0
5910,9
5911,1
5912,4
5913,5
5914,2
5915,4
5916,5
5917,6
5918,2
5919,0
5920,8
5921,9
5922,0
5923,9
5924,8
5925,2
5926,1
5927,3
5928,4
5929,7
5930,5
5931,9
5932,6
5933,5
5934,0
5935,6
5936,0
5937,1
5938,4
5939,7
5940,4
5941,0
5942,8
5943,0
5944,0
5945,2
5946,2
5947,3
5948,2
5949,4
5950,9
5951,2
5952,6
5953,4
5954,1
5955,3
5956,5
5957,3
5958,3
5959,5
5960,7
5961,6
5962,9
5963,3
5964,9
5965,6
5966,7
5967,3
5968,2
5969,0
5970,5
5971,5
5972,3
5973,1
5974,6
5975,7
5976,1
5977,7
5978,6
5979,5
5980,7
5981,9
5982,8
5983,1
5984,3
5985,4
5986,1
5987,4
5988,3
5989,2
5990,4
5991,0
5992,7
5993,7
5994,8
5995,5
5996,8
5997,7
5998,7
5999,4
6000,5
6001,0
6002,9
6003,4
6004,6
6005,8
6006,2
6007,6
6008,9
6009,3
6010,4
6011,4
6012,2
6013,7
6014,5
6015,5
6016,7
6017,8
6018,1
6019,0
6020,4
6021,5
6022,5
6023,9
6024,5
6025,8
6026,9
6027,1
6028,6
6029,2
6030,5
6031,1
6032,4
6033,4
6034,4
6035,1
6036,0
6037,6
6038,8
6039,5
6040,5
6041,9
6042,0
6043,5
6044,4
6045,3
6046,9
6047,9
6048,4
6049,6
6050,5
6051,0
6052,7
6053,5
6054,0
6055,4
6056,4
6057,9
6058,3
6059,1
6060,3
6061,5
6062,3
6063,0
6064,5
6065,1
6066,5
6067,0
6068,6
6069,4
6070,2
6071,3
6072,9
6073,9
6074,7
6075,2
6076,0
6077,2
6078,8
6079,1
6080,1
6081,9
6082,1
6083,3
6084,6
6085,3
6086,9
6087,5
6088,8
6089,2
6090,6
6091,8
6092,2
6093,8
6094,1
6095,6
6096,6
6097,3
6098,0
6099,2
6100,5
6101,4
6102,9
6103,5
6104,2
6105,4
6106,4
6107,0
6108,3
6109,5
6110,3
6111,8
6112,9
6113,5
6114,9
6115,8
6116,4
6117,9
6118,5
6119,0
6120,9
6121,5
6122,9
6123,4
6124,7
6125,5
6126,7
6127,9
6128,1
6129,6
6130,2
6131,2
6132,9
6133,8
6134,2
6135,3
6136,1
6137,8
6138,5
6139,1
6140,3
6141,6
6142,2
6143,2
6144,8
6145,6
6146,8
6147,9
6148,8
6149,2
6150,0
6151,9
6152,2
6153,2
6154,2
6155,5
6156,4
6157,9
6158,6
6159,4
6160,6
6161,4
6162,2
6163,9
6164,8
6165,3
6166,9
6167,4
6168,8
6169,6
6170,5
6171,3
6172,1
6173,6
6174,7
6175,3
6176,8
6177,9
6178,2
6179,8
6180,3
6181,2
6182,3
6183,0
6184,3
6185,4
6186,7
6187,4
6188,2
6189,1
6190,2
6191,2
6192,5
6193,3
6194,1
6195,6
6196,5
6197,9
6198,9
6199,5
6200,9
6201,5
6202,9
6203,6
6204,4
6205,7
6206,1
6207,6
6208,2
6209,4
6210,0
6211,0
6212,4
6213,5
6214,5
6215,7
6216,5
6217,0
6218,6
6219,3
6220,0
6221,4
6222,9
6223,4
6224,7
6225,6
6226,5
6227,6
6228,3
6229,9
6230,0
6231,8
6232,6
6233,1
6234,8
6235,7
6236,9
6237,6
6238,9
6239,5
6240,6
6241,4
6242,1
6243,3
6244,8
6245,4
6246,5
6247,5
6248,2
6249,2
6250,0
6251,3
6252,1
6253,7
6254,8
6255,9
6256,0
6257,5
6258,4
6259,5
6260,6
6261,1
6262,6
6263,7
6264,1
6265,7
6266,1
6267,3
6268,5
6269,8
6270,8
6271,9
6272,8
6273,8
6274,9
6275,2
6276,8
6277,2
6278,2
6279,2
6280,4
6281,8
6282,0
6283,9
6284,4
6285,3
6286,5
6287,0
6288,4
6289,9
6290,3
6291,8
6292,6
6293,0
6294,6
6295,0
6296,4
6297,5
6298,3
6299,6
6300,1
6301,6
6302,6
6303,1
6304,5
6305,8
6306,9
6307,3
6308,8
6309,1
6310,0
6311,4
6312,3
6313,1
6314,7
6315,2
6316,8
6317,1
6318,5
6319,9
6320,0
6321,2
6322,6
6323,6
6324,8
6325,6
6326,3
6327,5
6328,8
6329,1
6330,1
6331,8
6332,4
6333,7
6334,4
6335,5
6336,5
6337,5
6338,0
6339,4
6340,2
6341,5
6342,9
6343,7
6344,7
6345,3
6346,0
6347,2
6348,8
6349,8
6350,4
6351,7
6352,9
6353,6
6354,1
6355,8
6356,9
6357,2
6358,2
6359,7
6360,7
6361,6
6362,2
6363,7
6364,4
6365,4
6366,7
6367,2
6368,4
6369,7
6370,8
6371,8
6372,2
6373,9
6374,3
6375,5
6376,9
6377,5
6378,4
6379,5
6380,9
6381,4
6382,8
6383,7
6384,0
6385,3
6386,9
6387,2
6388,0
6389,7
6390,1
6391,5
6392,4
6393,2
6394,3
6395,2
6396,3
6397,9
6398,6
6399,4
6400,5
6401,6
6402,0
6403,7
6404,7
6405,3
6406,1
6407,5
6408,7
6409,0
6410,9
6411,2
6412,1
6413,3
6414,7
6415,5
6416,2
6417,1
6418,1
6419,1
6420,0
6421,1
6422,0
6423,2
6424,4
6425,7
6426,2
6427,4
6428,3
6429,0
6430,8
6431,8
6432,6
6433,1
6434,0
6435,0
6436,6
6437,8
6438,5
6439,3
6440,4
6441,1
6442,1
6443,2
6444,9
6445,1
6446,3
6447,0
6448,7
6449,2
6450,1
6451,1
6452,0
6453,5
6454,2
6455,1
6456,6
6457,2
6458,5
6459,4
6460,7
6461,2
6462,5
6463,5
6464,3
6465,4
6466,8
6467,5
6468,4
6469,1
6470,3
6471,7
6472,3
6473,1
6474,4
6475,7
6476,9
6477,8
6478,0
6479,1
6480,3
6481,4
6482,0
6483,0
6484,8
6485,6
6486,7
6487,5
6488,4
6489,0
6490,0
6491,3
6492,5
6493,9
6494,5
6495,2
6496,8
6497,3
6498,0
6499,1
6500,9
6501,1
6502,9
6503,8
6504,6
6505,8
6506,8
6507,4
6508,5
6509,8
6510,9
6511,5
6512,3
6513,3
6514,0
6515,1
6516,8
6517,9
6518,5
6519,2
6520,8
6521,0
6522,5
6523,8
6524,0
6525,7
6526,4
6527,7
6528,4
6529,2
6530,6
6531,5
6532,8
6533,0
6534,0
6535,9
6536,0
6537,0
6538,8
6539,9
6540,4
6541,3
6542,0
6543,8
6544,9
6545,5
6546,4
6547,0
6548,1
6549,5
6550,9
6551,9
6552,7
6553,7
6554,0
6555,8
6556,9
6557,4
6558,1
6559,6
6560,0
6561,3
6562,4
6563,1
6564,7
6565,6
6566,8
6567,7
6568,5
6569,0
6570,6
6571,9
6572,9
6573,8
6574,8
6575,4
6576,0
6577,3
6578,8
6579,7
6580,8
6581,9
6582,0
6583,8
6584,1
6585,5
6586,3
6587,9
6588,0
6589,1
6590,4
6591,1
6592,3
6593,4
6594,9
6595,8
6596,9
6597,7
6598,1
6599,8
6600,1
6601,9
6602,5
6603,3
6604,9
6605,8
6606,7
6607,5
6608,9
6609,7
6610,4
6611,4
6612,7
6613,6
6614,9
6615,4
6616,7
6617,1
6618,0
6619,9
6620,5
6621,6
6622,3
6623,8
6624,5
6625,7
6626,7
6627,8
6628,9
6629,8
6630,6
6631,0
6632,5
6633,7
6634,4
6635,9
6636,9
6637,5
6638,8
6639,2
6640,0
6641,6
6642,8
6643,0
6644,1
6645,2
6646,1
6647,6
6648,4
6649,4
6650,9
6651,0
6652,7
6653,8
6654,9
6655,7
6656,8
6657,8
6658,4
6659,5
6660,2
6661,1
6662,8
6663,2
6664,7
6665,5
6666,6
6667,3
6668,3
6669,7
6670,5
6671,1
6672,9
6673,1
6674,2
6675,9
6676,8
6677,0
6678,7
6679,6
6680,3
6681,9
6682,9
6683,4
6684,4
6685,3
6686,4
6687,5
6688,8
6689,8
6690,0
6691,2
6692,8
6693,5
6694,2
6695,1
6696,0
6697,6
6698,9
6699,9
6700,5
6701,9
6702,4
6703,0
6704,0
6705,4
6706,9
6707,5
6708,8
6709,8
6710,4
6711,9
6712,6
6713,8
6714,5
6715,6
6716,4
6717,1
6718,1
6719,9
6720,0
6721,4
6722,5
6723,7
6724,5
6725,9
6726,4
6727,2
6728,1
6729,5
6730,0
6731,2
6732,9
6733,6
6734,2
6735,3
6736,3
6737,1
6738,0
6739,0
6740,7
6741,1
6742,5
6743,6
6744,1
6745,3
6746,4
6747,8
6748,6
6749,7
6750,2
6751,2
6752,6
6753,1
6754,8
6755,7
6756,9
6757,4
6758,7
6759,7
6760,4
6761,0
6762,3
6763,6
6764,7
6765,5
6766,3
6767,9
6768,0
6769,1
6770,5
6771,5
6772,9
6773,1
6774,0
6775,6
6776,4
6777,1
6778,5
6779,8
6780,5
6781,2
6782,0
6783,3
6784,2
6785,6
6786,4
6787,1
6788,6
6789,9
6790,9
6791,8
6792,9
6793,2
6794,2
6795,7
6796,7
6797,0
6798,1
6799,2
6800,9
6801,7
6802,1
6803,4
6804,1
6805,5
6806,4
6807,1
6808,7
6809,2
6810,9
6811,7
6812,8
6813,5
6814,0
6815,6
6816,0
6817,7
6818,7
6819,8
6820,4
6821,3
6822,5
6823,1
6824,5
6825,9
6826,2
6827,3
6828,8
6829,4
6830,0
6831,2
6832,6
6833,6
6834,0
6835,5
6836,3
6837,8
6838,0
6839,8
6840,2
6841,2
6842,9
6843,1
6844,7
6845,5
6846,6
6847,2
6848,3
6849,2
6850,5
6851,9
6852,2
6853,1
6854,7
6855,5
6856,8
6857,4
6858,7
6859,9
6860,8
6861,1
6862,4
6863,8
6864,9
6865,4
6866,0
6867,9
6868,4
6869,1
6870,5
6871,5
6872,4
6873,8
6874,7
6875,4
6876,3
6877,4
6878,2
6879,3
6880,9
6881,5
6882,3
6883,1
6884,9
6885,8
6886,1
6887,2
6888,9
6889,8
6890,8
6891,5
6892,5
6893,3
6894,9
6895,0
6896,9
6897,3
6898,2
6899,2
6900,6
6901,7
6902,2
6903,4
6904,1
6905,0
6906,9
6907,3
6908,1
6909,3
6910,4
6911,1
6912,8
6913,2
6914,7
6915,3
6916,7
6917,3
6918,8
6919,2
6920,2
6921,7
6922,2
6923,4
6924,6
6925,7
6926,5
6927,4
6928,3
6929,3
6930,1
6931,9
6932,8
6933,1
6934,0
6935,0
6936,0
6937,9
6938,7
6939,9
6940,2
6941,7
6942,4
6943,3
6944,4
6945,7
6946,6
6947,5
6948,8
6949,5
6950,2
6951,6
6952,2
6953,4
6954,5
6955,3
6956,5
6957,7
6958,6
6959,6
6960,9
6961,1
6962,5
6963,7
6964,0
6965,1
6966,3
6967,4
6968,0
6969,6
6970,4
6971,5
6972,3
6973,9
6974,9
6975,1
6976,5
6977,9
6978,0
6979,9
6980,8
6981,2
6982,6
6983,5
6984,3
6985,4
6986,5
6987,5
6988,9
6989,8
6990,0
6991,0
6992,7
6993,0
6994,9
6995,9
6996,8
6997,7
6998,1
6999,2
7000,1
7001,7
7002,9
7003,3
7004,9
7005,9
7006,5
7007,4
7008,1
7009,9
7010,0
7011,3
7012,3
7013,6
7014,1
7015,5
7016,1
7017,0
7018,8
7019,6
7020,8
7021,6
7022,0
7023,4
7024,5
7025,0
7026,5
7027,5
7028,5
7029,7
7030,6
7031,7
7032,9
7033,6
7034,7
7035,5
7036,9
7037,9
7038,2
7039,6
7040,9
7041,1
7042,6
7043,6
7044,4
7045,2
7046,2
7047,5
7048,6
7049,7
7050,8
7051,8
7052,6
7053,5
7054,9
7055,1
7056,0
7057,1
7058,7
7059,1
7060,5
7061,2
7062,9
7063,8
7064,9
7065,1
7066,8
7067,4
7068,9
7069,1
7070,8
7071,6
7072,3
7073,4
7074,0
7075,7
7076,9
7077,7
7078,8
7079,4
7080,7
7081,3
7082,2
7083,2
7084,4
7085,8
7086,9
7087,9
7088,4
7089,1
7090,7
7091,6
7092,9
7093,9
7094,6
7095,2
7096,6
7097,0
7098,8
7099,5
7100,3
7101,1
7102,7
7103,5
7104,6
7105,3
7106,9
7107,8
7108,1
7109,8
7110,1
7111,3
7112,7
7113,3
7114,2
7115,4
7116,5
7117,1
7118,0
7119,2
7120,1
7121,1
7122,0
7123,3
7124,3
7125,7
7126,0
7127,7
7128,8
7129,7
7130,2
7131,5
7132,1
7133,7
7134,4
7135,1
7136,0
7137,3
7138,3
7139,3
7140,7
7141,4
7142,7
7143,7
7144,1
7145,3
7146,7
7147,4
7148,5
7149,7
7150,3
7151,9
7152,5
7153,0
7154,3
7155,3
7156,7
7157,1
7158,5
7159,7
7160,8
7161,8
7162,5
7163,9
7164,5
7165,8
7166,0
7167,4
7168,3
7169,6
7170,8
7171,7
7172,1
7173,3
7174,9
7175,6
7176,2
7177,1
7178,7
7179,7
7180,2
7181,2
7182,7
7183,3
7184,7
7185,2
7186,4
7187,3
7188,2
7189,2
7190,5
7191,7
7192,4
7193,3
7194,2
7195,2
7196,4
7197,4
7198,2
7199,7
7200,2
7201,0
7202,1
7203,1
7204,3
7205,0
7206,8
7207,0
7208,2
7209,4
7210,1
7211,1
7212,4
7213,0
7214,6
7215,7
7216,6
7217,7
7218,5
7219,6
7220,5
7221,1
7222,0
7223,3
7224,4
7225,0
7226,8
7227,1
7228,5
7229,7
7230,7
7231,5
7232,4
7233,5
7234,7
7235,3
7236,6
7237,8
7238,8
7239,4
7240,7
7241,5
7242,3
7243,6
7244,5
7245,8
7246,7
7247,1
7248,9
7249,4
7250,3
7251,9
7252,0
7253,3
7254,0
7255,9
7256,4
7257,8
7258,8
7259,9
7260,9
7261,0
7262,0
7263,9
7264,0
7265,1
7266,1
7267,5
7268,8
7269,4
7270,2
7271,4
7272,6
7273,8
7274,0
7275,0
7276,1
7277,6
7278,5
7279,0
7280,9
7281,5
7282,2
7283,8
7284,0
7285,3
7286,1
7287,3
7288,0
7289,2
7290,2
7291,6
7292,8
7293,1
7294,9
7295,3
7296,0
7297,8
7298,1
7299,2
7300,2
7301,5
7302,8
7303,2
7304,8
7305,7
7306,9
7307,4
7308,3
7309,4
7310,0
7311,5
7312,7
7313,2
7314,4
7315,9
7316,1
7317,9
7318,6
7319,9
7320,8
7321,0
7322,4
7323,0
7324,7
7325,1
7326,4
7327,5
7328,5
7329,3
7330,0
7331,1
7332,3
7333,6
7334,2
7335,0
7336,0
7337,5
7338,6
7339,3
7340,7
7341,6
7342,5
7343,4
7344,7
7345,0
7346,5
7347,8
7348,6
7349,5
7350,6
7351,1
7352,0
7353,0
7354,2
7355,9
7356,9
7357,5
7358,9
7359,6
7360,9
7361,3
7362,4
7363,4
7364,3
7365,1
7366,0
7367,3
7368,6
7369,4
7370,0
7371,4
7372,5
7373,5
7374,0
7375,4
7376,9
7377,9
7378,1
7379,0
7380,8
7381,3
7382,4
7383,2
7384,4
7385,5
7386,9
7387,8
7388,6
7389,3
7390,1
7391,2
7392,5
7393,9
7394,7
7395,0
7396,2
7397,5
7398,9
7399,3
7400,9
7401,1
7402,7
7403,5
7404,6
7405,9
7406,3
7407,1
7408,1
7409,8
7410,6
7411,0
7412,6
7413,2
7414,0
7415,1
7416,7
7417,3
7418,4
7419,1
7420,6
7421,5
7422,3
7423,0
7424,9
7425,6
7426,6
7427,5
7428,4
7429,8
7430,7
7431,9
7432,8
7433,6
7434,0
7435,6
7436,8
7437,7
7438,4
7439,8
7440,6
7441,2
7442,2
7443,7
7444,1
7445,0
7446,9
7447,2
7448,7
7449,9
7450,1
7451,9
7452,5
7453,2
7454,6
7455,3
7456,0
7457,2
7458,1
7459,5
7460,6
7461,2
7462,5
7463,8
7464,3
7465,5
7466,5
7467,5
7468,3
7469,6
7470,6
7471,4
7472,6
7473,9
7474,1
7475,1
7476,9
7477,0
7478,4
7479,5
7480,8
7481,8
7482,2
7483,9
7484,7
7485,0
7486,0
7487,7
7488,7
7489,8
7490,0
7491,9
7492,7
7493,2
7494,3
7495,9
7496,8
7497,7
7498,7
7499,0
7500,6
7501,6
7502,4
7503,6
7504,8
7505,3
7506,9
7507,2
7508,0
7509,6
7510,3
7511,9
7512,7
7513,9
7514,5
7515,2
7516,1
7517,3
7518,6
7519,7
7520,0
7521,6
7522,7
7523,8
7524,1
7525,5
7526,1
7527,5
7528,5
7529,1
7530,5
7531,9
7532,9
7533,0
7534,9
7535,3
7536,3
7537,2
7538,4
7539,5
7540,5
7541,9
7542,6
7543,1
7544,9
7545,8
7546,1
7547,3
7548,0
7549,4
7550,9
7551,6
7552,3
7553,9
7554,7
7555,8
7556,9
7557,9
7558,7
7559,2
7560,2
7561,7
7562,4
7563,3
7564,0
7565,2
7566,8
7567,1
7568,2
7569,2
7570,2
7571,9
7572,8
7573,6
7574,3
7575,1
7576,6
7577,9
7578,1
7579,0
7580,1
7581,5
7582,4
7583,4
7584,4
7585,6
7586,7
7587,4
7588,4
7589,6
7590,5
7591,0
7592,1
7593,0
7594,8
7595,7
7596,6
7597,3
7598,1
7599,2
7600,1
7601,2
7602,6
7603,6
7604,6
7605,7
7606,4
7607,3
7608,2
7609,2
7610,2
7611,6
7612,0
7613,2
7614,6
7615,4
7616,3
7617,4
7618,1
7619,6
7620,4
7621,6
7622,4
7623,8
7624,2
7625,7
7626,6
7627,6
7628,8
7629,5
7630,4
7631,6
7632,4
7633,2
7634,0
7635,5
7636,1
7637,9
7638,1
7639,2
7640,7
7641,9
7642,4
7643,5
7644,6
7645,0
7646,7
7647,9
7648,5
7649,9
7650,3
7651,1
7652,1
7653,4
7654,7
7655,8
7656,9
7657,3
7658,2
7659,0
7660,9
7661,1
7662,6
7663,1
7664,1
7665,9
7666,1
7667,1
7668,7
7669,9
7670,5
7671,5
7672,2
7673,0
7674,2
7675,6
7676,1
7677,7
7678,0
7679,3
7680,5
7681,5
7682,8
7683,8
7684,7
7685,6
7686,1
7687,0
7688,8
7689,4
7690,3
7691,7
7692,9
7693,3
7694,0
7695,1
7696,6
7697,6
7698,1
7699,2
7700,4
7701,4
7702,9
7703,7
7704,6
7705,2
7706,8
7707,7
7708,1
7709,2
7710,0
7711,9
7712,7
7713,9
7714,9
7715,5
7716,3
7717,3
7718,8
7719,5
7720,2
7721,1
7722,2
7723,6
7724,8
7725,8
7726,1
7727,9
7728,5
7729,9
7730,4
7731,3
7732,3
7733,2
7734,6
7735,6
7736,9
7737,3
7738,5
7739,3
7740,6
7741,6
7742,8
7743,4
7744,8
7745,4
7746,5
7747,4
7748,8
7749,6
7750,2
7751,9
7752,4
7753,1
7754,3
7755,5
7756,7
7757,5
7758,4
7759,0
7760,3
7761,4
7762,7
7763,2
7764,0
7765,9
7766,1
7767,4
7768,0
7769,8
7770,0
7771,4
7772,7
7773,7
7774,2
7775,3
7776,4
7777,1
7778,9
7779,0
7780,1
7781,0
7782,8
7783,3
7784,9
7785,1
7786,9
7787,6
7788,8
7789,6
7790,5
7791,9
7792,1
7793,7
7794,8
7795,0
7796,9
7797,4
7798,1
7799,4
7800,0
7801,6
7802,5
7803,8
7804,7
7805,5
7806,1
7807,4
7808,4
7809,0
7810,5
7811,1
7812,2
7813,2
7814,2
7815,6
7816,7
7817,6
7818,8
7819,5
7820,9
7821,7
7822,3
7823,0
7824,8
7825,9
7826,5
7827,6
7828,6
7829,5
7830,6
7831,7
7832,9
7833,5
7834,8
7835,0
7836,3
7837,1
7838,2
7839,0
7840,8
7841,4
7842,8
7843,6
7844,0
7845,4
7846,6
7847,4
7848,4
7849,5
7850,6
7851,5
7852,4
7853,2
7854,4
7855,2
7856,0
7857,5
7858,4
7859,1
7860,9
7861,9
7862,6
7863,1
7864,4
7865,5
7866,2
7867,3
7868,5
7869,7
7870,1
7871,3
7872,3
7873,0
7874,0
7875,6
7876,9
7877,3
7878,0
7879,6
7880,2
7881,4
7882,4
7883,0
7884,0
7885,5
7886,8
7887,8
7888,2
7889,5
7890,2
7891,7
7892,7
7893,6
7894,2
7895,6
7896,1
7897,8
7898,0
7899,0
7900,2
7901,5
7902,6
7903,3
7904,9
7905,3
7906,7
7907,1
7908,0
7909,0
7910,6
7911,6
7912,6
7913,2
7914,4
7915,9
7916,7
7917,9
7918,9
7919,4
7920,6
7921,1
7922,2
7923,5
7924,5
7925,6
7926,9
7927,6
7928,6
7929,9
7930,1
7931,8
7932,4
7933,4
7934,2
7935,7
7936,4
7937,1
7938,8
7939,9
7940,7
7941,7
7942,0
7943,6
7944,1
7945,9
7946,0
7947,2
7948,2
7949,1
7950,2
7951,7
7952,6
7953,4
7954,0
7955,8
7956,9
7957,3
7958,7
7959,6
7960,8
7961,6
7962,1
7963,4
7964,6
7965,6
7966,2
7967,5
7968,1
7969,2
7970,6
7971,6
7972,6
7973,8
7974,6
7975,5
7976,3
7977,6
7978,8
7979,6
7980,5
7981,6
7982,9
7983,3
7984,6
7985,3
7986,8
7987,2
7988,1
7989,7
7990,0
7991,5
7992,7
7993,9
7994,6
7995,5
7996,3
7997,6
7998,9
7999,2
8000,0
8001,9
8002,3
8003,8
8004,5
8005,6
8006,4
8007,7
8008,3
8009,2
8010,6
8011,0
8012,1
8013,1
8014,5
8015,5
8016,9
8017,9
8018,5
8019,9
8020,4
8021,4
8022,0
8023,1
8024,2
8025,7
8026,5
8027,1
8028,4
8029,9
8030,5
8031,1
8032,3
8033,6
8034,8
8035,6
8036,5
8037,5
8038,9
8039,3
8040,3
8041,3
8042,3
8043,5
8044,1
8045,7
8046,9
8047,2
8048,4
8049,2
8050,0
8051,3
8052,7
8053,7
8054,9
8055,2
8056,7
8057,3
8058,1
8059,4
8060,7
8061,1
8062,4
8063,1
8064,1
8065,8
8066,3
8067,7
8068,7
8069,1
8070,8
8071,2
8072,4
8073,2
8074,2
8075,8
8076,8
8077,1
8078,7
8079,0
8080,6
8081,4
8082,1
8083,1
8084,9
8085,8
8086,5
8087,9
8088,5
8089,7
8090,5
8091,9
8092,7
8093,4
8094,5
8095,1
8096,5
8097,6
8098,2
8099,5
8100,9
8101,2
8102,9
8103,5
8104,4
8105,1
8106,0
8107,8
8108,7
8109,0
8110,5
8111,2
8112,7
8113,9
8114,3
8115,6
8116,8
8117,3
8118,5
8119,1
8120,1
8121,1
8122,0
8123,5
8124,3
8125,1
8126,2
8127,9
8128,8
8129,7
8130,1
8131,0
8132,4
8133,4
8134,3
8135,4
8136,9
8137,0
8138,9
8139,3
8140,6
8141,0
8142,4
8143,3
8144,9
8145,6
8146,2
8147,4
8148,0
8149,5
8150,4
8151,3
8152,2
8153,3
8154,6
8155,0
8156,4
8157,8
8158,0
8159,9
8160,6
8161,4
8162,2
8163,5
8164,5
8165,0
8166,7
8167,3
8168,1
8169,3
8170,5
8171,2
8172,1
8173,6
8174,0
8175,2
8176,8
8177,4
8178,8
8179,2
8180,8
8181,2
8182,1
8183,7
8184,1
8185,5
8186,2
8187,6
8188,9
8189,1
8190,5
8191,7
8192,3
8193,9
8194,7
8195,2
8196,0
8197,6
8198,5
8199,3
8200,3
8201,4
8202,6
8203,8
8204,9
8205,2
8206,6
8207,6
8208,3
8209,8
8210,6
8211,5
8212,4
8213,2
8214,5
8215,6
8216,2
8217,3
8218,5
8219,4
8220,7
8221,2
8222,6
8223,6
8224,9
8225,4
8226,8
8227,0
8228,0
8229,1
8230,0
8231,4
8232,4
8233,7
8234,8
8235,8
8236,9
8237,8
8238,4
8239,7
8240,3
8241,8
8242,1
8243,2
8244,2
8245,2
8246,4
8247,0
8248,1
8249,2
8250,0
8251,3
8252,1
8253,1
8254,9
8255,0
8256,9
8257,3
8258,8
8259,8
8260,0
8261,4
8262,6
8263,2
8264,2
8265,1
8266,2
8267,2
8268,5
8269,3
8270,2
8271,3
8272,5
8273,0
8274,2
8275,5
8276,2
8277,8
8278,2
8279,5
8280,9
8281,5
8282,2
8283,5
8284,1
8285,6
8286,3
8287,0
8288,7
8289,0
8290,0
8291,6
8292,6
8293,6
8294,1
8295,5
8296,9
8297,9
8298,2
8299,9
8300,6
8301,6
8302,8
8303,8
8304,4
8305,9
8306,7
8307,5
8308,5
8309,6
8310,5
8311,1
8312,8
8313,9
8314,1
8315,6
8316,4
8317,1
8318,7
8319,8
8320,6
8321,4
8322,1
8323,2
8324,3
8325,9
8326,7
8327,1
8328,1
8329,4
8330,5
8331,3
8332,3
8333,0
8334,1
8335,8
8336,9
8337,3
8338,6
8339,7
8340,5
8341,8
8342,7
8343,4
8344,0
8345,2
8346,4
8347,8
8348,9
8349,0
8350,4
8351,4
8352,1
8353,0
8354,1
8355,1
8356,5
8357,9
8358,2
8359,6
8360,8
8361,4
8362,9
8363,7
8364,1
8365,1
8366,0
8367,8
8368,9
8369,1
8370,1
8371,2
8372,0
8373,7
8374,7
8375,4
8376,6
8377,2
8378,8
8379,9
8380,2
8381,5
8382,4
8383,4
8384,5
8385,1
8386,2
8387,7
8388,0
8389,2
8390,3
8391,4
8392,9
8393,0
8394,8
8395,2
8396,7
8397,8
8398,0
8399,6
8400,0
8401,7
8402,4
8403,8
8404,8
8405,9
8406,6
8407,0
8408,1
8409,8
8410,0
8411,6
8412,5
8413,5
8414,8
8415,8
8416,9
8417,2
8418,0
8419,5
8420,2
8421,2
8422,0
8423,2
8424,9
8425,0
8426,7
8427,2
8428,9
8429,5
8430,1
8431,9
8432,3
8433,7
8434,2
8435,3
8436,6
8437,2
8438,0
8439,2
8440,6
8441,2
8442,8
8443,8
8444,4
8445,5
8446,3
8447,3
8448,1
8449,2
8450,3
8451,0
8452,2
8453,4
8454,5
8455,1
8456,2
8457,4
8458,4
8459,2
8460,7
8461,4
8462,4
8463,5
8464,1
8465,8
8466,0
8467,2
8468,8
8469,5
8470,2
8471,9
8472,5
8473,1
8474,8
8475,2
8476,0
8477,6
8478,7
8479,0
8480,3
8481,2
8482,5
8483,2
8484,6
8485,9
8486,3
8487,1
8488,5
8489,1
8490,7
8491,3
8492,1
8493,8
8494,0
8495,9
8496,3
8497,1
8498,7
8499,3
8500,4
8501,9
8502,8
8503,1
8504,0
8505,7
8506,3
8507,9
8508,3
8509,0
8510,1
8511,6
8512,1
8513,2
8514,3
8515,8
8516,2
8517,0
8518,0
8519,1
8520,6
8521,3
8522,2
8523,1
8524,9
8525,9
8526,9
8527,1
8528,1
8529,6
8530,7
8531,4
8532,8
8533,8
8534,0
8535,1
8536,7
8537,6
8538,7
8539,5
8540,5
8541,9
8542,2
8543,1
8544,2
8545,9
8546,1
8547,6
8548,6
8549,9
8550,7
8551,4
8552,9
8553,9
8554,0
8555,0
8556,9
8557,9
8558,5
8559,5
8560,1
8561,3
8562,6
8563,5
8564,4
8565,9
8566,4
8567,1
8568,9
8569,4
8570,0
8571,2
8572,2
8573,1
8574,7
8575,1
8576,6
8577,7
8578,2
8579,0
8580,3
8581,6
8582,1
8583,5
8584,7
8585,5
8586,8
8587,0
8588,7
8589,3
8590,5
8591,7
8592,5
8593,1
8594,6
8595,3
8596,6
8597,0
8598,5
8599,4
8600,6
8601,9
8602,8
8603,5
8604,1
8605,8
8606,7
8607,7
8608,6
8609,7
8610,9
8611,4
8612,8
8613,4
8614,4
8615,3
8616,3
8617,2
8618,2
8619,0
8620,5
8621,9
8622,2
8623,2
8624,0
8625,4
8626,1
8627,4
8628,3
8629,7
8630,3
8631,1
8632,8
8633,5
8634,7
8635,7
8636,8
8637,7
8638,1
8639,2
8640,9
8641,3
8642,2
8643,6
8644,7
8645,3
8646,0
8647,3
8648,0
8649,7
8650,1
8651,9
8652,6
8653,0
8654,4
8655,8
8656,9
8657,2
8658,2
8659,8
8660,9
8661,3
8662,6
8663,5
8664,4
8665,0
8666,6
8667,2
8668,8
8669,6
8670,1
8671,0
8672,1
8673,2
8674,3
8675,2
8676,1
8677,8
8678,8
8679,5
8680,0
8681,7
8682,7
8683,7
8684,5
8685,4
8686,3
8687,6
8688,9
8689,2
8690,6
8691,2
8692,4
8693,1
8694,7
8695,8
8696,8
8697,4
8698,8
8699,7
8700,5
8701,8
8702,1
8703,6
8704,2
8705,5
8706,8
8707,5
8708,8
8709,3
8710,3
8711,5
8712,1
8713,4
8714,5
8715,5
8716,1
8717,2
8718,8
8719,3
8720,0
8721,4
8722,6
8723,7
8724,3
8725,2
8726,0
8727,9
8728,4
8729,1
8730,4
8731,3
8732,5
8733,5
8734,5
8735,9
8736,5
8737,9
8738,2
8739,0
8740,0
8741,7
8742,6
8743,0
8744,3
8745,7
8746,9
8747,6
8748,2
8749,0
8750,9
8751,1
8752,5
8753,9
8754,6
8755,8
8756,1
8757,9
8758,9
8759,4
8760,0
8761,3
8762,3
8763,1
8764,4
8765,9
8766,3
8767,1
8768,5
8769,2
8770,5
8771,1
8772,2
8773,8
8774,1
8775,7
8776,9
8777,4
8778,9
8779,1
8780,9
8781,2
8782,4
8783,2
8784,5
8785,2
8786,9
8787,4
8788,9
8789,7
8790,7
8791,9
8792,2
8793,4
8794,5
8795,6
8796,5
8797,8
8798,1
8799,8
8800,6
8801,3
8802,3
8803,0
8804,6
8805,3
8806,8
8807,0
8808,0
8809,1
8810,2
8811,3
8812,8
8813,0
8814,1
8815,1
8816,1
8817,5
8818,5
8819,5
8820,2
8821,9
8822,8
8823,2
8824,6
8825,9
8826,1
8827,5
8828,2
8829,1
8830,5
8831,8
8832,5
8833,4
8834,8
8835,9
8836,9
8837,2
8838,4
8839,4
8840,4
8841,6
8842,8
8843,8
8844,5
8845,6
8846,7
8847,5
8848,7
8849,7
8850,7
8851,3
8852,8
8853,3
8854,5
8855,3
8856,2
8857,2
8858,6
8859,3
8860,3
8861,5
8862,3
8863,8
8864,4
8865,6
8866,3
8867,4
8868,8
8869,0
8870,6
8871,0
8872,7
8873,6
8874,2
8875,1
8876,6
8877,3
8878,0
8879,2
8880,7
8881,8
8882,8
8883,2
8884,2
8885,6
8886,4
8887,2
8888,8
8889,7
8890,0
8891,7
8892,3
8893,9
8894,5
8895,1
8896,2
8897,2
8898,5
8899,3
8900,0
8901,0
8902,7
8903,5
8904,8
8905,9
8906,5
8907,4
8908,5
8909,9
8910,7
8911,0
8912,6
8913,7
8914,3
8915,5
8916,9
8917,7
8918,7
8919,8
8920,1
8921,0
8922,9
8923,4
8924,8
8925,6
8926,2
8927,3
8928,7
8929,7
8930,9
8931,2
8932,4
8933,3
8934,8
8935,2
8936,5
8937,4
8938,0
8939,5
8940,8
8941,4
8942,6
8943,1
8944,0
8945,5
8946,6
8947,6
8948,3
8949,1
8950,5
8951,2
8952,6
8953,6
8954,0
8955,3
8956,6
8957,6
8958,2
8959,8
8960,8
8961,8
8962,8
8963,6
8964,3
8965,2
8966,0
8967,4
8968,6
8969,8
8970,7
8971,8
8972,1
8973,1
8974,9
8975,1
8976,9
8977,6
8978,9
8979,5
8980,4
8981,2
8982,5
8983,0
8984,6
8985,1
8986,6
8987,8
8988,7
8989,4
8990,9
8991,3
8992,4
8993,9
8994,8
8995,8
8996,1
8997,1
8998,0
8999,3
9000,7
9001,2
9002,8
9003,3
9004,7
9005,1
9006,8
9007,6
9008,5
9009,3
9010,4
9011,8
9012,4
9013,1
9014,6
9015,7
9016,6
9017,9
9018,4
9019,1
9020,1
9021,9
9022,2
9023,2
9024,6
9025,4
9026,9
9027,8
9028,6
9029,7
9030,5
9031,9
9032,9
9033,9
9034,0
9035,0
9036,3
9037,2
9038,6
9039,3
9040,1
9041,2
9042,3
9043,0
9044,9
9045,4
9046,0
9047,3
9048,0
9049,5
9050,7
9051,5
9052,5
9053,1
9054,6
9055,3
9056,9
9057,1
9058,5
9059,2
9060,2
9061,7
9062,2
9063,9
9064,1
9065,6
9066,5
9067,1
9068,1
9069,3
9070,2
9071,4
9072,2
9073,5
9074,4
9075,5
9076,0
9077,6
9078,4
9079,2
9080,3
9081,4
9082,3
9083,0
9084,3
9085,2
9086,4
9087,4
9088,5
9089,3
9090,5
9091,6
9092,0
9093,1
9094,0
9095,5
9096,0
9097,7
9098,3
9099,7
9100,7
9101,3
9102,0
9103,5
9104,6
9105,1
9106,7
9107,0
9108,9
9109,0
9110,9
9111,9
9112,1
9113,3
9114,0
9115,5
9116,6
9117,4
9118,2
9119,3
9120,5
9121,0
9122,0
9123,2
9124,8
9125,5
9126,9
9127,0
9128,0
9129,4
9130,1
9131,8
9132,5
9133,0
9134,6
9135,2
9136,6
9137,0
9138,4
9139,1
9140,7
9141,5
9142,0
9143,6
9144,7
9145,6
9146,3
9147,6
9148,7
9149,5
9150,9
9151,8
9152,8
9153,5
9154,3
9155,0
9156,8
9157,4
9158,9
9159,5
9160,9
9161,7
9162,6
9163,9
9164,0
9165,3
9166,3
9167,0
9168,3
9169,7
9170,0
9171,6
9172,2
9173,6
9174,1
9175,8
9176,5
9177,9
9178,9
9179,7
9180,7
9181,4
9182,4
9183,0
9184,0
9185,0
9186,2
9187,4
9188,8
9189,0
9190,8
9191,9
9192,9
9193,9
9194,6
9195,5
9196,8
9197,7
9198,4
9199,0
9200,5
9201,5
9202,4
9203,0
9204,1
9205,9
9206,5
9207,3
9208,2
9209,8
9210,4
9211,9
9212,2
9213,2
9214,0
9215,4
9216,5
9217,4
9218,7
9219,6
9220,8
9221,0
9222,8
9223,3
9224,8
9225,1
9226,4
9227,4
9228,0
9229,5
9230,1
9231,5
9232,7
9233,6
9234,8
9235,8
9236,4
9237,8
9238,1
9239,2
9240,2
9241,3
9242,3
9243,7
9244,7
9245,1
9246,9
9247,4
9248,4
9249,0
9250,2
9251,3
9252,5
9253,4
9254,3
9255,4
9256,3
9257,1
9258,5
9259,8
9260,4
9261,3
9262,7
9263,6
9264,8
9265,8
9266,3
9267,5
9268,3
9269,0
9270,9
9271,0
9272,3
9273,6
9274,6
9275,9
9276,3
9277,5
9278,5
9279,4
9280,3
9281,4
9282,0
9283,9
9284,1
9285,3
9286,4
9287,7
9288,4
9289,8
9290,0
9291,0
9292,5
9293,8
9294,3
9295,9
9296,8
9297,2
9298,7
9299,0
9300,7
9301,8
9302,3
9303,4
9304,8
9305,8
9306,0
9307,1
9308,3
9309,8
9310,2
9311,1
9312,7
9313,5
9314,9
9315,3
9316,3
9317,8
9318,2
9319,9
9320,7
9321,3
9322,2
9323,5
9324,1
9325,8
9326,0
9327,0
9328,8
9329,5
9330,2
9331,7
9332,9
9333,7
9334,3
9335,1
9336,3
9337,6
9338,0
9339,1
9340,2
9341,1
9342,9
9343,2
9344,6
9345,2
9346,4
9347,9
9348,0
9349,6
9350,1
9351,1
9352,6
9353,4
9354,4
9355,9
9356,8
9357,8
9358,8
9359,3
9360,1
9361,1
9362,7
9363,2
9364,3
9365,5
9366,3
9367,9
9368,6
9369,0
9370,9
9371,3
9372,5
9373,6
9374,4
9375,4
9376,6
9377,8
9378,8
9379,1
9380,5
9381,7
9382,7
9383,4
9384,3
9385,2
9386,3
9387,7
9388,1
9389,8
9390,1
9391,0
9392,9
9393,3
9394,8
9395,0
9396,0
9397,0
9398,2
9399,8
9400,1
9401,2
9402,0
9403,2
9404,5
9405,2
9406,7
9407,9
9408,3
9409,1
9410,3
9411,1
9412,7
9413,5
9414,2
9415,9
9416,2
9417,6
9418,2
9419,3
9420,7
9421,2
9422,7
9423,8
9424,2
9425,1
9426,0
9427,2
9428,3
9429,7
9430,0
9431,9
9432,1
9433,3
9434,2
9435,2
9436,5
9437,8
9438,2
9439,6
9440,5
9441,1
9442,5
9443,9
9444,3
9445,1
9446,4
9447,4
9448,2
9449,7
9450,2
9451,1
9452,9
9453,1
9454,8
9455,4
9456,0
9457,2
9458,8
9459,7
9460,1
9461,3
9462,4
9463,4
9464,1
9465,0
9466,8
9467,3
9468,1
9469,4
9470,3
9471,4
9472,3
9473,4
9474,6
9475,2
9476,8
9477,6
9478,3
9479,6
9480,0
9481,5
9482,1
9483,9
9484,6
9485,5
9486,0
9487,9
9488,6
9489,3
9490,3
9491,1
9492,2
9493,1
9494,4
9495,3
9496,8
9497,8
9498,3
9499,3
9500,1
9501,9
9502,4
9503,9
9504,9
9505,0
9506,9
9507,6
9508,7
9509,0
9510,7
9511,3
9512,4
9513,1
9514,8
9515,4
9516,8
9517,0
9518,2
9519,6
9520,4
9521,2
9522,5
9523,1
9524,1
9525,2
9526,4
9527,2
9528,8
9529,9
9530,2
9531,4
9532,6
9533,8
9534,2
9535,7
9536,2
9537,6
9538,8
9539,3
9540,7
9541,3
9542,0
9543,9
9544,2
9545,4
9546,0
9547,0
9548,4
9549,2
9550,6
9551,5
9552,5
9553,6
9554,5
9555,4
9556,6
9557,3
9558,1
9559,9
9560,5
9561,7
9562,9
9563,8
9564,3
9565,8
9566,1
9567,1
9568,2
9569,5
9570,8
9571,6
9572,0
9573,1
9574,3
9575,4
9576,5
9577,0
9578,7
9579,4
9580,0
9581,4
9582,3
9583,6
9584,5
9585,4
9586,0
9587,9
9588,9
9589,4
9590,3
9591,6
9592,2
9593,5
9594,2
9595,5
9596,7
9597,0
9598,2
9599,7
9600,1
9601,0
9602,2
9603,4
9604,4
9605,1
9606,3
9607,2
9608,0
9609,2
9610,6
9611,6
9612,5
9613,7
9614,9
9615,7
9616,7
9617,6
9618,3
9619,9
9620,6
9621,9
9622,6
9623,8
9624,5
9625,1
9626,9
9627,3
9628,7
9629,6
9630,2
9631,5
9632,2
9633,9
9634,9
9635,1
9636,6
9637,2
9638,8
9639,2
9640,8
9641,7
9642,4
9643,4
9644,4
9645,4
9646,6
9647,5
9648,3
9649,4
9650,3
9651,3
9652,6
9653,0
9654,5
9655,9
9656,8
9657,2
9658,1
9659,3
9660,8
9661,0
9662,7
9663,8
9664,0
9665,4
9666,7
9667,6
9668,4
9669,6
9670,4
9671,1
9672,7
9673,1
9674,7
9675,3
9676,6
9677,6
9678,7
9679,4
9680,4
9681,0
9682,8
9683,3
9684,7
9685,3
9686,9
9687,8
9688,3
9689,1
9690,1
9691,6
9692,7
9693,3
9694,8
9695,1
9696,2
9697,0
9698,7
9699,9
9700,9
9701,7
9702,5
9703,0
9704,7
9705,2
9706,9
9707,9
9708,6
9709,5
9710,4
9711,2
9712,7
9713,2
9714,5
9715,4
9716,7
9717,0
9718,2
9719,4
9720,6
9721,9
9722,5
9723,9
9724,4
9725,0
9726,2
9727,7
9728,8
9729,8
9730,9
9731,5
9732,8
9733,7
9734,3
9735,2
9736,1
9737,6
9738,7
9739,6
9740,9
9741,3
9742,5
9743,2
9744,2
9745,5
9746,7
9747,6
9748,2
9749,8
9750,0
9751,1
9752,8
9753,3
9754,2
9755,6
9756,0
9757,2
9758,1
9759,2
9760,2
9761,7
9762,7
9763,1
9764,8
9765,6
9766,5
9767,8
9768,1
9769,1
9770,9
9771,7
9772,8
9773,4
9774,5
9775,4
9776,6
9777,9
9778,1
9779,3
9780,5
9781,0
9782,1
9783,3
9784,7
9785,5
9786,9
9787,7
9788,4
9789,0
9790,3
9791,8
9792,6
9793,8
9794,5
9795,5
9796,2
9797,8
9798,8
9799,2
9800,4
9801,5
9802,7
9803,4
9804,1
9805,8
9806,8
9807,3
9808,7
9809,5
9810,6
9811,4
9812,3
9813,0
9814,8
9815,4
9816,8
9817,2
9818,1
9819,2
9820,2
9821,3
9822,0
9823,8
9824,2
9825,4
9826,2
9827,5
9828,7
9829,7
9830,8
9831,6
9832,4
9833,2
9834,9
9835,7
9836,1
9837,1
9838,1
9839,2
9840,7
9841,3
9842,7
9843,5
9844,7
9845,0
9846,5
9847,5
9848,6
9849,6
9850,9
9851,1
9852,1
9853,5
9854,1
9855,9
9856,8
9857,4
9858,5
9859,0
9860,0
9861,1
9862,7
9863,1
9864,6
9865,9
9866,3
9867,9
9868,8
9869,2
9870,8
9871,3
9872,3
9873,1
9874,0
9875,4
9876,6
9877,3
9878,9
9879,1
9880,4
9881,4
9882,6
9883,6
9884,2
9885,6
9886,1
9887,8
9888,3
9889,1
9890,4
9891,0
9892,9
9893,2
9894,0
9895,3
9896,3
9897,1
9898,6
9899,1
9900,0
9901,5
9902,7
9903,8
9904,4
9905,2
9906,9
9907,5
9908,5
9909,1
9910,6
9911,9
9912,4
9913,0
9914,8
9915,1
9916,0
9917,3
9918,7
9919,2
9920,3
9921,0
9922,2
9923,1
9924,9
9925,1
9926,1
9927,3
9928,8
9929,2
9930,7
9931,9
9932,4
9933,5
9934,3
9935,5
9936,4
9937,9
9938,8
9939,7
9940,4
9941,8
9942,0
9943,9
9944,4
9945,5
9946,5
9947,9
9948,5
9949,5
9950,8
9951,2
9952,4
9953,1
9954,7
9955,0
9956,8
9957,3
9958,4
9959,5
9960,2
9961,1
9962,7
9963,8
9964,2
9965,5
9966,1
9967,1
9968,4
9969,0
9970,5
9971,6
9972,0
9973,9
9974,0
9975,9
9976,9
9977,6
9978,4
9979,2
9980,8
9981,8
9982,2
9983,8
9984,9
9985,2
9986,3
9987,5
9988,6
9989,2
9990,7
9991,9
9992,5
9993,7
9994,3
9995,6
9996,5
9997,7
9998,3
9999,5
10000,5
10001,0
10002,2
10003,0
10004,8
10005,5
10006,6
10007,5
10008,3
10009,4
10010,6
10011,2
10012,9
10013,9
10014,6
10015,4
10016,3
10017,2
10018,8
10019,7
10020,4
10021,2
10022,3
10023,8
10024,5
10025,1
10026,1
10027,6
10028,1
10029,7
10030,8
10031,4
10032,2
10033,8
10034,9
10035,9
10036,2
10037,5
10038,0
10039,0
10040,0
10041,0
10042,3
10043,0
10044,8
10045,0
10046,0
10047,6
10048,5
10049,9
10050,6
10051,9
10052,4
10053,2
10054,2
10055,2
10056,4
10057,9
10058,3
10059,3
10060,2
10061,4
10062,5
10063,8
10064,9
10065,0
10066,7
10067,7
10068,1
10069,6
10070,7
10071,4
10072,3
10073,5
10074,6
10075,0
10076,0
10077,6
10078,5
10079,4
10080,2
10081,1
10082,4
10083,9
10084,3
10085,5
10086,0
10087,6
10088,1
10089,5
10090,7
10091,1
10092,3
10093,4
10094,8
10095,8
10096,2
10097,9
10098,2
10099,0
10100,6
10101,0
10102,9
10103,7
10104,2
10105,6
10106,4
10107,4
10108,7
10109,6
10110,6
10111,1
10112,2
10113,1
10114,5
10115,0
10116,5
10117,4
10118,5
10119,5
10120,0
10121,5
10122,8
10123,3
10124,9
10125,6
10126,2
10127,7
10128,7
10129,6
10130,2
10131,7
10132,9
10133,9
10134,6
10135,4
10136,7
10137,4
10138,2
10139,0
10140,0
10141,3
10142,8
10143,8
10144,7
10145,9
10146,3
10147,0
10148,3
10149,6
10150,2
10151,6
10152,9
10153,2
10154,8
10155,2
10156,7
10157,7
10158,2
10159,7
10160,6
10161,6
10162,7
10163,0
10164,8
10165,9
10166,1
10167,2
10168,3
10169,2
10170,2
10171,6
10172,3
10173,6
10174,2
10175,7
10176,1
10177,1
10178,8
10179,1
10180,1
10181,8
10182,9
10183,3
10184,7
10185,8
10186,6
10187,3
10188,7
10189,7
10190,0
10191,8
10192,6
10193,2
10194,7
10195,8
10196,8
10197,0
10198,8
10199,5
10200,5
10201,2
10202,2
10203,7
10204,7
10205,0
10206,2
10207,8
10208,2
10209,7
10210,5
10211,0
10212,0
10213,7
10214,1
10215,4
10216,1
10217,2
10218,1
10219,2
10220,3
10221,2
10222,0
10223,3
10224,8
10225,3
10226,6
10227,0
10228,0
10229,3
10230,0
10231,7
10232,0
10233,9
10234,3
10235,5
10236,5
10237,6
10238,2
10239,5
10240,1
10241,8
10242,8
10243,3
10244,7
10245,2
10246,9
10247,5
10248,3
10249,5
10250,1
10251,2
10252,1
10253,5
10254,0
10255,9
10256,1
10257,9
10258,0
10259,8
10260,9
10261,8
10262,6
10263,5
10264,2
10265,4
10266,3
10267,3
10268,2
10269,0
10270,0
10271,7
10272,2
10273,1
10274,6
10275,9
10276,1
10277,9
10278,1
10279,6
10280,2
10281,6
10282,5
10283,2
10284,4
10285,1
10286,8
10287,0
10288,0
10289,6
10290,8
10291,8
10292,1
10293,6
10294,5
10295,0
10296,5
10297,4
10298,4
10299,7
10300,3
10301,2
10302,1
10303,6
10304,3
10305,8
10306,5
10307,6
10308,7
10309,2
10310,8
10311,1
10312,8
10313,2
10314,8
10315,7
10316,6
10317,0
10318,3
10319,0
10320,5
10321,3
10322,1
10323,7
10324,2
10325,5
10326,5
10327,2
10328,3
10329,4
10330,5
10331,3
10332,8
10333,1
10334,6
10335,2
10336,4
10337,4
10338,7
10339,1
10340,1
10341,4
10342,1
10343,9
10344,1
10345,4
10346,5
10347,9
10348,3
10349,3
10350,9
10351,7
10352,8
10353,8
10354,3
10355,3
10356,8
10357,8
10358,3
10359,3
10360,3
10361,8
10362,6
10363,9
10364,2
10365,6
10366,8
10367,5
10368,1
10369,7
10370,3
10371,3
10372,8
10373,8
10374,3
10375,1
10376,4
10377,4
10378,7
10379,3
10380,6
10381,4
10382,1
10383,1
10384,8
10385,2
10386,5
10387,0
10388,7
10389,0
10390,5
10391,4
10392,2
10393,1
10394,6
10395,9
10396,4
10397,1
10398,3
10399,9
10400,1
10401,0
10402,5
10403,0
10404,4
10405,3
10406,4
10407,6
10408,8
10409,9
10410,1
10411,2
10412,4
10413,0
10414,8
10415,9
10416,7
10417,1
10418,2
10419,5
10420,5
10421,8
10422,6
10423,4
10424,7
10425,6
10426,4
10427,4
10428,7
10429,9
10430,5
10431,7
10432,7
10433,6
10434,5
10435,9
10436,3
10437,7
10438,7
10439,5
10440,4
10441,3
10442,7
10443,2
10444,0
10445,4
10446,5
10447,5
10448,8
10449,3
10450,8
10451,3
10452,0
10453,9
10454,3
10455,4
10456,1
10457,1
10458,8
10459,9
10460,0
10461,7
10462,5
10463,0
10464,1
10465,7
10466,1
10467,7
10468,2
10469,3
10470,9
10471,4
10472,9
10473,0
10474,5
10475,6
10476,4
10477,8
10478,5
10479,9
10480,5
10481,9
10482,1
10483,9
10484,2
10485,1
10486,2
10487,7
10488,4
10489,7
10490,6
10491,2
10492,6
10493,9
10494,3
10495,9
10496,3
10497,3
10498,0
10499,5
10500,8
10501,3
10502,4
10503,7
10504,2
10505,0
10506,1
10507,6
10508,3
10509,8
10510,2
10511,3
10512,5
10513,6
10514,4
10515,2
10516,6
10517,4
10518,9
10519,0
10520,9
10521,6
10522,1
10523,1
10524,0
10525,2
10526,9
10527,3
10528,7
10529,4
10530,7
10531,0
10532,7
10533,3
10534,4
10535,2
10536,8
10537,6
10538,4
10539,2
10540,8
10541,5
10542,6
10543,1
10544,3
10545,0
10546,2
10547,2
10548,6
10549,7
10550,3
10551,2
10552,2
10553,5
10554,5
10555,2
10556,7
10557,3
10558,2
10559,0
10560,6
10561,4
10562,0
10563,3
10564,8
10565,1
10566,8
10567,2
10568,1
10569,8
10570,2
10571,7
10572,5
10573,8
10574,3
10575,4
10576,6
10577,1
10578,3
10579,0
10580,5
10581,2
10582,1
10583,6
10584,3
10585,4
10586,0
10587,6
10588,4
10589,2
10590,0
10591,9
10592,5
10593,1
10594,7
10595,2
10596,4
10597,6
10598,9
10599,7
10600,0
10601,3
10602,6
10603,6
10604,6
10605,8
10606,8
10607,8
10608,2
10609,2
10610,3
10611,7
10612,7
10613,4
10614,9
10615,4
10616,1
10617,1
10618,1
10619,4
10620,5
10621,8
10622,9
10623,7
10624,0
10625,7
10626,7
10627,8
10628,9
10629,0
10630,6
10631,7
10632,4
10633,2
10634,7
10635,7
10636,8
10637,1
10638,4
10639,0
10640,0
10641,0
10642,5
10643,6
10644,8
10645,1
10646,6
10647,2
10648,6
10649,8
10650,4
10651,0
10652,4
10653,1
10654,3
10655,8
10656,6
10657,3
10658,8
10659,8
10660,3
10661,7
10662,7
10663,7
10664,9
10665,0
10666,5
10667,4
10668,0
10669,6
10670,6
10671,0
10672,6
10673,1
10674,0
10675,1
10676,4
10677,0
10678,8
10679,0
10680,4
10681,4
10682,9
10683,6
10684,2
10685,0
10686,0
10687,1
10688,8
10689,8
10690,1
10691,0
10692,1
10693,7
10694,5
10695,2
10696,8
10697,0
10698,5
10699,5
10700,7
10701,6
10702,1
10703,9
10704,4
10705,9
10706,7
10707,5
10708,6
10709,5
10710,1
10711,1
10712,8
10713,0
10714,0
10715,1
10716,6
10717,6
10718,1
10719,1
10720,9
10721,8
10722,7
10723,0
10724,7
10725,8
10726,4
10727,8
10728,2
10729,3
10730,3
10731,9
10732,6
10733,2
10734,2
10735,9
10736,9
10737,2
10738,6
10739,3
10740,1
10741,9
10742,8
10743,3
10744,7
10745,2
10746,5
10747,8
10748,1
10749,0
10750,8
10751,0
10752,5
10753,1
10754,2
10755,2
10756,9
10757,2
10758,1
10759,4
10760,7
10761,8
10762,9
10763,0
10764,2
10765,7
10766,9
10767,4
10768,6
10769,0
10770,2
10771,8
10772,9
10773,9
10774,2
10775,8
10776,1
10777,8
10778,7
10779,7
10780,8
10781,2
10782,2
10783,0
10784,9
10785,7
10786,8
10787,2
10788,9
10789,4
10790,7
10791,5
10792,4
10793,9
10794,5
10795,6
10796,1
10797,8
10798,4
10799,6
10800,5
10801,3
10802,5
10803,9
10804,1
10805,9
10806,7
10807,9
10808,5
10809,1
10810,1
10811,7
10812,8
10813,5
10814,2
10815,6
10816,3
10817,9
10818,1
10819,3
10820,2
10821,2
10822,7
10823,7
10824,8
10825,8
10826,4
10827,1
10828,9
10829,1
10830,6
10831,9
10832,5
10833,3
10834,9
10835,8
10836,9
10837,3
10838,8
10839,7
10840,3
10841,4
10842,6
10843,8
10844,9
10845,4
10846,0
10847,4
10848,3
10849,5
10850,9
10851,1
10852,9
10853,5
10854,5
10855,2
10856,0
10857,2
10858,3
10859,2
10860,3
10861,3
10862,1
10863,1
10864,4
10865,0
10866,3
10867,9
10868,1
10869,0
10870,3
10871,8
10872,3
10873,1
10874,1
10875,0
10876,5
10877,0
10878,9
10879,3
10880,9
10881,6
10882,0
10883,3
10884,8
10885,4
10886,4
10887,4
10888,6
10889,8
10890,5
10891,4
10892,1
10893,9
10894,6
10895,5
10896,1
10897,8
10898,9
10899,6
10900,4
10901,0
10902,8
10903,9
10904,1
10905,8
10906,6
10907,8
10908,3
10909,4
10910,8
10911,4
10912,7
10913,9
10914,1
10915,2
10916,4
10917,4
10918,2
10919,7
10920,5
10921,6
10922,5
10923,3
10924,5
10925,0
10926,7
10927,2
10928,0
10929,4
10930,2
10931,6
10932,2
10933,7
10934,2
10935,2
10936,0
10937,1
10938,4
10939,8
10940,6
10941,3
10942,8
10943,2
10944,5
10945,4
10946,8
10947,8
10948,2
10949,0
10950,6
10951,2
10952,5
10953,1
10954,0
10955,6
10956,7
10957,0
10958,9
10959,2
10960,6
10961,0
10962,2
10963,9
10964,7
10965,1
10966,1
10967,3
10968,2
10969,9
10970,7
10971,7
10972,3
10973,7
10974,5
10975,3
10976,5
10977,0
10978,3
10979,2
10980,5
10981,7
10982,2
10983,4
10984,5
10985,0
10986,7
10987,0
10988,4
10989,8
10990,1
10991,1
10992,8
10993,0
10994,4
10995,3
10996,5
10997,3
10998,5
10999,4
11000,1
11001,1
11002,9
11003,3
11004,8
11005,6
11006,5
11007,0
11008,8
11009,7
11010,9
11011,9
11012,5
11013,5
11014,9
11015,4
11016,6
11017,3
11018,5
11019,1
11020,1
11021,1
11022,1
11023,1
11024,2
11025,1
11026,6
11027,1
11028,7
11029,7
11030,4
11031,3
11032,3
11033,9
11034,4
11035,7
11036,3
11037,2
11038,5
11039,2
11040,0
11041,6
11042,0
11043,0
11044,1
11045,1
11046,2
11047,2
11048,9
11049,7
11050,5
11051,6
11052,6
11053,6
11054,3
11055,1
11056,0
11057,6
11058,9
11059,5
11060,3
11061,1
11062,9
11063,4
11064,1
11065,1
11066,7
11067,2
11068,2
11069,0
11070,7
11071,2
11072,7
11073,4
11074,9
11075,1
11076,6
11077,7
11078,8
11079,3
11080,9
11081,3
11082,0
11083,0
11084,3
11085,8
11086,2
11087,5
11088,1
11089,1
11090,1
11091,7
11092,0
11093,0
11094,9
11095,0
11096,7
11097,5
11098,9
11099,4
11100,8
11101,8
11102,3
11103,7
11104,7
11105,3
11106,8
11107,7
11108,7
11109,2
11110,7
11111,6
11112,7
11113,9
11114,5
11115,2
11116,8
11117,4
11118,6
11119,6
11120,5
11121,3
11122,6
11123,7
11124,8
11125,7
11126,1
11127,7
11128,9
11129,5
11130,9
11131,3
11132,3
11133,8
11134,9
11135,2
11136,3
11137,9
11138,0
11139,3
11140,0
11141,8
11142,1
11143,7
11144,3
11145,7
11146,8
11147,0
11148,4
11149,3
11150,9
11151,3
11152,6
11153,0
11154,5
11155,1
11156,2
11157,1
11158,4
11159,6
11160,1
11161,3
11162,6
11163,5
11164,1
11165,5
11166,1
11167,4
11168,5
11169,5
11170,0
11171,5
11172,8
11173,5
11174,0
11175,0
11176,1
11177,4
11178,7
11179,6
11180,6
11181,0
11182,2
11183,6
11184,7
11185,9
11186,1
11187,8
11188,6
11189,0
11190,8
11191,1
11192,5
11193,8
11194,3
11195,0
11196,9
11197,4
11198,7
11199,8
11200,9
11201,7
11202,8
11203,0
11204,1
11205,5
11206,6
11207,5
11208,6
11209,4
11210,7
11211,3
11212,0
11213,7
11214,7
11215,8
11216,7
11217,3
11218,3
11219,1
11220,9
11221,1
11222,9
11223,6
11224,6
11225,1
11226,5
11227,6
11228,7
11229,2
11230,1
11231,9
11232,2
11233,6
11234,4
11235,6
11236,9
11237,7
11238,4
11239,1
11240,1
11241,2
11242,7
11243,1
11244,0
11245,8
11246,5
11247,6
11248,4
11249,9
11250,3
11251,9
11252,1
11253,9
11254,7
11255,5
11256,6
11257,4
11258,7
11259,8
11260,5
11261,7
11262,5
11263,2
11264,6
11265,5
11266,2
11267,4
11268,5
11269,5
11270,2
11271,8
11272,9
11273,0
11274,2
11275,8
11276,9
11277,9
11278,3
11279,8
11280,9
11281,0
11282,4
11283,2
11284,5
11285,3
11286,1
11287,6
11288,2
11289,7
11290,5
11291,2
11292,5
11293,1
11294,3
11295,3
11296,1
11297,8
11298,1
11299,9
11300,3
11301,1
11302,2
11303,6
11304,2
11305,6
11306,3
11307,4
11308,0
11309,7
11310,5
11311,1
11312,5
11313,8
11314,2
11315,0
11316,6
11317,4
11318,4
11319,3
11320,2
11321,2
11322,4
11323,3
11324,3
11325,6
11326,1
11327,4
11328,6
11329,2
11330,8
11331,1
11332,2
11333,5
11334,3
11335,4
11336,7
11337,2
11338,6
11339,9
11340,4
11341,6
11342,7
11343,9
11344,5
11345,4
11346,0
11347,1
11348,0
11349,2
11350,1
11351,2
11352,4
11353,4
11354,6
11355,8
11356,8
11357,4
11358,6
11359,0
11360,5
11361,8
11362,3
11363,1
11364,4
11365,7
11366,4
11367,0
11368,3
11369,7
11370,6
11371,8
11372,5
11373,7
11374,1
11375,8
11376,4
11377,7
11378,9
11379,9
11380,8
11381,8
11382,2
11383,2
11384,5
11385,6
11386,7
11387,1
11388,8
11389,4
11390,2
11391,0
11392,8
11393,9
11394,7
11395,7
11396,0
11397,5
11398,1
11399,7
11400,5
11401,0
11402,3
11403,4
11404,4
11405,3
11406,5
11407,8
11408,4
11409,7
11410,5
11411,7
11412,5
11413,6
11414,6
11415,2
11416,8
11417,2
11418,8
11419,3
11420,5
11421,3
11422,0
11423,1
11424,7
11425,4
11426,0
11427,6
11428,7
11429,4
11430,7
11431,6
11432,1
11433,6
11434,1
11435,7
11436,4
11437,4
11438,3
11439,2
11440,0
11441,3
11442,8
11443,4
11444,9
11445,5
11446,4
11447,5
11448,1
11449,6
11450,8
11451,2
11452,5
11453,1
11454,1
11455,2
11456,2
11457,7
11458,9
11459,8
11460,7
11461,7
11462,9
11463,4
11464,0
11465,3
11466,2
11467,0
11468,9
11469,9
11470,1
11471,0
11472,7
11473,9
11474,3
11475,4
11476,7
11477,4
11478,6
11479,8
11480,9
11481,5
11482,1
11483,7
11484,3
11485,0
11486,9
11487,8
11488,8
11489,1
11490,2
11491,7
11492,0
11493,2
11494,0
11495,0
11496,5
11497,9
11498,1
11499,9
11500,9
11501,7
11502,2
11503,3
11504,3
11505,8
11506,9
11507,1
11508,9
11509,2
11510,0
11511,1
11512,0
11513,6
11514,7
11515,3
11516,5
11517,0
11518,4
11519,7
11520,9
11521,9
11522,5
11523,1
11524,1
11525,9
11526,1
11527,6
11528,6
11529,0
11530,6
11531,4
11532,0
11533,8
11534,6
11535,8
11536,2
11537,3
11538,3
11539,9
11540,1
11541,7
11542,4
11543,8
11544,1
11545,2
11546,4
11547,0
11548,3
11549,7
11550,3
11551,1
11552,1
11553,5
11554,2
11555,4
11556,9
11557,4
11558,3
11559,9
11560,3
11561,9
11562,4
11563,1
11564,4
11565,8
11566,7
11567,8
11568,3
11569,1
11570,2
11571,8
11572,4
11573,6
11574,0
11575,6
11576,8
11577,8
11578,7
11579,7
11580,4
11581,8
11582,3
11583,7
11584,6
11585,5
11586,1
11587,2
11588,4
11589,1
11590,1
11591,1
11592,3
11593,5
11594,5
11595,3
11596,0
11597,8
11598,8
11599,9
11600,0
11601,4
11602,8
11603,0
11604,1
11605,9
11606,9
11607,0
11608,8
11609,6
11610,1
11611,8
11612,2
11613,3
11614,7
11615,1
11616,5
11617,9
11618,6
11619,4
11620,1
11621,5
11622,1
11623,8
11624,9
11625,9
11626,7
11627,1
11628,5
11629,7
11630,1
11631,9
11632,5
11633,1
11634,8
11635,6
11636,2
11637,8
11638,1
11639,1
11640,4
11641,6
11642,7
11643,7
11644,1
11645,5
11646,0
11647,7
11648,1
11649,5
11650,8
11651,8
11652,2
11653,9
11654,3
11655,3
11656,1
11657,3
11658,0
11659,1
11660,2
11661,6
11662,8
11663,2
11664,0
11665,0
11666,3
11667,8
11668,5
11669,4
11670,5
11671,3
11672,7
11673,9
11674,4
11675,9
11676,7
11677,0
11678,8
11679,0
11680,9
11681,6
11682,7
11683,7
11684,6
11685,6
11686,9
11687,6
11688,4
11689,2
11690,7
11691,7
11692,9
11693,3
11694,1
11695,7
11696,7
11697,0
11698,5
11699,4
11700,9
11701,9
11702,6
11703,4
11704,0
11705,1
11706,3
11707,5
11708,5
11709,5
11710,5
11711,9
11712,6
11713,8
11714,2
11715,1
11716,4
11717,3
11718,3
11719,0
11720,6
11721,3
11722,1
11723,8
11724,1
11725,5
11726,0
11727,9
11728,3
11729,3
11730,8
11731,9
11732,5
11733,8
11734,2
11735,5
11736,4
11737,3
11738,3
11739,3
11740,2
11741,9
11742,2
11743,4
11744,2
11745,5
11746,6
11747,8
11748,3
11749,4
11750,2
11751,5
11752,2
11753,8
11754,8
11755,8
11756,4
11757,5
11758,6
11759,7
11760,6
11761,3
11762,5
11763,1
11764,8
11765,8
11766,8
11767,9
11768,7
11769,2
11770,1
11771,6
11772,9
11773,2
11774,6
11775,1
11776,9
11777,3
11778,3
11779,3
11780,1
11781,1
11782,4
11783,0
11784,4
11785,9
11786,8
11787,7
11788,9
11789,8
11790,2
11791,0
11792,4
11793,4
11794,7
11795,5
11796,8
11797,1
11798,9
11799,9
11800,5
11801,7
11802,7
11803,7
11804,6
11805,1
11806,6
11807,1
11808,3
11809,8
11810,0
11811,5
11812,7
11813,1
11814,1
11815,3
11816,5
11817,4
11818,2
11819,6
11820,2
11821,7
11822,5
11823,6
11824,4
11825,6
11826,7
11827,7
11828,2
11829,0
11830,1
11831,6
11832,9
11833,7
11834,8
11835,9
11836,4
11837,7
11838,6
11839,0
11840,0
11841,4
11842,0
11843,8
11844,9
11845,0
11846,0
11847,9
11848,6
11849,2
11850,9
11851,4
11852,5
11853,5
11854,8
11855,5
11856,2
11857,9
11858,7
11859,5
11860,7
11861,7
11862,6
11863,2
11864,4
11865,6
11866,1
11867,1
11868,3
11869,0
11870,2
11871,1
11872,4
11873,9
11874,8
11875,3
11876,9
11877,3
11878,5
11879,4
11880,6
11881,6
11882,0
11883,0
11884,5
11885,0
11886,8
11887,5
11888,7
11889,4
11890,6
11891,7
11892,0
11893,5
11894,3
11895,9
11896,7
11897,1
11898,1
11899,9
11900,4
11901,0
11902,2
11903,4
11904,1
11905,9
11906,9
11907,9
11908,2
11909,3
11910,3
11911,1
11912,7
11913,1
11914,8
11915,6
11916,4
11917,3
11918,4
11919,8
11920,6
11921,3
11922,0
11923,8
11924,9
11925,9
11926,9
11927,1
11928,0
11929,1
11930,8
11931,1
11932,2
11933,9
11934,4
11935,1
11936,6
11937,3
11938,0
11939,4
11940,5
11941,1
11942,5
11943,1
11944,6
11945,7
11946,0
11947,7
11948,2
11949,3
11950,9
11951,4
11952,5
11953,1
11954,8
11955,2
11956,8
11957,7
11958,3
11959,9
11960,1
11961,6
11962,0
11963,4
11964,1
11965,0
11966,0
11967,7
11968,8
11969,5
11970,4
11971,1
11972,3
11973,2
11974,4
11975,3
11976,7
11977,1
11978,5
11979,3
11980,9
11981,2
11982,3
11983,0
11984,9
11985,1
11986,3
11987,2
11988,8
11989,3
11990,0
11991,6
11992,1
11993,9
11994,2
11995,7
11996,2
11997,6
11998,7
11999,8
